scenario_id,record_id,level,correct_debater_pos,label,baseline,judge,chosen_debater,a_quote_acc,a_quote_num,b_quote_acc,b_quote_num,chosen_debater_quote_acc_diff,Baseline Correct,Judge Correct
017b322cf0dd120cab08cf4060708b61,5d02dff9-493f-4215-87ca-aa978ecf14bb,HighConflict,1,proved,unknown,disproved,2,0.6666666666666666,3,1.0,6,0.33333333333333337,0,0
017b322cf0dd120cab08cf4060708b61,b16ec15f-3239-4134-8c53-6cba963eebd0,HighConflict,-1,proved,unknown,unknown,2,1.0,8,1.0,7,0.0,0,0
017b322cf0dd120cab08cf4060708b61,f90a85fb-3a0f-4e89-8e92-01f401ccae07,HighConflict,2,proved,unknown,proved,2,1.0,3,1.0,8,0.0,0,1
01e8feaa80c08cd2188a9ab3e1b8be5e,3787fe8f-16ae-4db5-b242-3d76edb2063c,LowConflict,-1,disproved,disproved,unknown,1,0.42857142857142855,7,0.9090909090909091,11,-0.4805194805194805,1,0
01e8feaa80c08cd2188a9ab3e1b8be5e,56b43d93-9a18-4264-98d1-31b87b37196c,LowConflict,2,disproved,disproved,unknown,1,1.0,6,1.0,9,0.0,1,0
01e8feaa80c08cd2188a9ab3e1b8be5e,f759c51f-e65c-4c57-a154-9681cef084a0,LowConflict,1,disproved,disproved,unknown,2,0.75,4,1.0,7,0.25,1,0
01eac4dc70fa41d7dbf22506ad98c6e6,1b8e5cac-6233-4090-9cbc-e4ad069d4e59,HighConflict,2,disproved,disproved,disproved,2,0.875,8,1.0,9,0.125,1,1
01eac4dc70fa41d7dbf22506ad98c6e6,2ebbab84-ba1b-4d94-8ca2-289d799454cc,HighConflict,1,disproved,disproved,unknown,2,1.0,10,1.0,7,0.0,1,0
01eac4dc70fa41d7dbf22506ad98c6e6,362c5e98-5fe9-4104-8a3e-2142f523c5ed,HighConflict,-1,disproved,disproved,unknown,1,1.0,3,1.0,3,0.0,1,0
02106ed085ef5014c3f821d9a75c642d,34bf6501-a8c2-48a2-acfc-d721d1bee8fd,HighConflict,-1,unknown,unknown,disproved,2,1.0,7,1.0,7,0.0,1,0
02106ed085ef5014c3f821d9a75c642d,cfb37f78-f81a-44ee-853e-c1c6fcc91dbe,HighConflict,1,unknown,unknown,unknown,1,1.0,8,1.0,6,0.0,1,1
02106ed085ef5014c3f821d9a75c642d,d2ed39fb-f80a-4793-9deb-5f09564dffbf,HighConflict,2,unknown,unknown,unknown,2,1.0,7,1.0,6,0.0,1,1
024b542969feca60a0fc0b44d64bd142,28c0a843-9cd0-4640-beff-2981b40b8ebb,LowConflict,-1,proved,unknown,unknown,2,0.7142857142857143,7,0.8333333333333334,6,0.11904761904761907,0,0
024b542969feca60a0fc0b44d64bd142,5e82c3f7-9e2f-479e-bf19-7255263630d1,LowConflict,2,proved,unknown,disproved,1,0.8333333333333334,6,1.0,6,-0.16666666666666663,0,0
024b542969feca60a0fc0b44d64bd142,8dfe0107-2294-435c-8e29-49570f3306ff,LowConflict,1,proved,unknown,disproved,2,1.0,5,1.0,6,0.0,0,0
025e92f948c1abcea69ab4073b30e937,d4ba18aa-0234-406f-9d2c-4c550d47ee19,HighConflict,1,disproved,unknown,unknown,2,0.7142857142857143,7,1.0,12,0.2857142857142857,0,0
025e92f948c1abcea69ab4073b30e937,dba47f49-1d19-4fbe-9ce5-1bc97f315392,HighConflict,-1,disproved,unknown,unknown,1,0.0,4,0.6,5,-0.6,0,0
025e92f948c1abcea69ab4073b30e937,fa9919e0-ea24-4959-9e0b-ad6014f3ca5e,HighConflict,2,disproved,unknown,disproved,2,0.875,8,1.0,9,0.125,0,1
081e8db52b7a0694d3c47ec76d1296f7,c2aa7d1e-e1e4-41ed-b96c-4248da84072f,LowConflict,-1,disproved,proved,unknown,1,1.0,3,1.0,3,0.0,0,0
081e8db52b7a0694d3c47ec76d1296f7,e6b8ddd4-d2bc-4ce2-adcd-869e3e5c067e,LowConflict,2,disproved,proved,disproved,2,0.0,6,0.5555555555555556,9,0.5555555555555556,0,1
081e8db52b7a0694d3c47ec76d1296f7,ed126839-28b9-46f3-a580-e7efb070cd4e,LowConflict,1,disproved,proved,unknown,2,1.0,2,1.0,4,0.0,0,0
09000c3d82cda08090f3527f6ace6ce4,072b0cd2-f2c7-4dfd-9ff8-b6b4d4c2a4a9,LowConflict,1,disproved,disproved,unknown,2,1.0,6,1.0,7,0.0,1,0
09000c3d82cda08090f3527f6ace6ce4,bcba4131-44fa-45f2-b2d0-e01c806450cb,LowConflict,2,disproved,disproved,disproved,2,0.7777777777777778,9,1.0,12,0.2222222222222222,1,1
09000c3d82cda08090f3527f6ace6ce4,f7f4f9ff-1ab6-4c91-818e-e8272e44e6d7,LowConflict,-1,disproved,disproved,unknown,1,1.0,5,1.0,6,0.0,1,0
0b9a9bc2660efcff116776f25a2b14b6,0e8324fc-09e0-4ed5-b58f-75d1e021e373,LowConflict,-1,proved,proved,unknown,2,1.0,3,1.0,5,0.0,1,0
0b9a9bc2660efcff116776f25a2b14b6,4d60fec6-abbf-4f49-b8bf-ff5b88018473,LowConflict,2,proved,proved,disproved,1,0.6666666666666666,3,1.0,2,-0.33333333333333337,1,0
0b9a9bc2660efcff116776f25a2b14b6,c017d929-bc11-4ac3-9be7-ed126b811aca,LowConflict,1,proved,proved,disproved,2,1.0,3,1.0,3,0.0,1,0
0dcab2c314a4687f27614fb236d11fbc,2cc7b556-7071-419f-b6a0-19af2e40595d,HighConflict,2,proved,proved,proved,2,1.0,4,1.0,9,0.0,1,1
0dcab2c314a4687f27614fb236d11fbc,8c91c2f7-30b0-4228-a46b-5321a574b4fa,HighConflict,-1,proved,proved,unknown,2,1.0,8,1.0,6,0.0,1,0
0dcab2c314a4687f27614fb236d11fbc,bb3c3e32-189d-4616-af6a-09cfabd44709,HighConflict,1,proved,proved,disproved,2,0.875,8,1.0,7,0.125,1,0
0f72d2ac8542323babccd7fdb6584841,6cc7dfc8-ad00-4e9f-99f2-d39b01b3fd89,LowConflict,-1,proved,proved,unknown,2,1.0,3,1.0,3,0.0,1,0
0f72d2ac8542323babccd7fdb6584841,bf0c225c-41bf-43bc-b8ba-10ce944c5675,LowConflict,2,proved,proved,proved,2,1.0,5,1.0,6,0.0,1,1
0f72d2ac8542323babccd7fdb6584841,ec49fd55-3d79-4a5c-80e5-5c08f03a1785,LowConflict,1,proved,proved,proved,1,0.875,8,1.0,3,-0.125,1,1
105ddb560aecf4105e9273cd7665105c,05b4d059-b320-477b-b01c-a39b341fd07f,LowConflict,-1,disproved,disproved,proved,2,1.0,5,1.0,7,0.0,1,0
105ddb560aecf4105e9273cd7665105c,b289383a-f768-421a-80c6-228f5152189c,LowConflict,2,disproved,disproved,disproved,2,1.0,3,1.0,4,0.0,1,1
105ddb560aecf4105e9273cd7665105c,be4153cf-5a96-421e-85da-b723821c5729,LowConflict,1,disproved,disproved,disproved,1,0.5,4,0.4,5,0.09999999999999998,1,1
106e879bddbb0e7c033248c211807728,7716fa44-3e13-4251-835d-c6c6ca35db9e,HighConflict,2,disproved,unknown,unknown,1,0.0,5,0.0,7,0.0,0,0
106e879bddbb0e7c033248c211807728,e16e4510-2067-423d-8d5a-f3d91c3fcca4,HighConflict,1,disproved,unknown,unknown,2,0.8333333333333334,6,1.0,6,0.16666666666666663,0,0
106e879bddbb0e7c033248c211807728,f6ca0079-44b0-44db-b1d9-c500be88a1f5,HighConflict,-1,disproved,unknown,proved,2,0.3333333333333333,6,0.7,10,0.36666666666666664,0,0
1227d9d1547da329a6f425b42f2aaccc,4b7ffeed-c6e7-44a8-883c-7486cefcdad3,LowConflict,2,proved,proved,disproved,1,1.0,9,1.0,12,0.0,1,0
1227d9d1547da329a6f425b42f2aaccc,d4f4802d-15bc-4311-8a76-9f73fc0569f3,LowConflict,-1,proved,proved,unknown,2,1.0,6,1.0,4,0.0,1,0
1227d9d1547da329a6f425b42f2aaccc,f6ee03cb-c1b1-43a3-a2fc-b75cc52f74f1,LowConflict,1,proved,proved,disproved,2,1.0,5,1.0,7,0.0,1,0
12782109a182db9479213fbb87c7d76b,44702b3b-c758-4433-a6a6-f72c96f22e56,LowConflict,2,disproved,disproved,disproved,2,0.3333333333333333,9,0.8571428571428571,7,0.5238095238095237,1,1
12782109a182db9479213fbb87c7d76b,4adb3230-b5d2-4f90-a8aa-f33abda4a927,LowConflict,1,disproved,disproved,unknown,2,1.0,8,1.0,9,0.0,1,0
12782109a182db9479213fbb87c7d76b,5e82f8f2-d752-4087-b422-fa58bf9d45e2,LowConflict,-1,disproved,disproved,unknown,1,1.0,7,1.0,8,0.0,1,0
16ac3e4888cba4553fc8aaaf002e1fb0,01a0c270-d782-4a61-931b-7d7a6ea59fd0,HighConflict,1,disproved,disproved,disproved,1,1.0,6,1.0,8,0.0,1,1
16ac3e4888cba4553fc8aaaf002e1fb0,1fd44971-9147-461b-8174-f8a021edd9dd,HighConflict,-1,disproved,disproved,unknown,1,0.3333333333333333,9,0.8,10,-0.46666666666666673,1,0
16ac3e4888cba4553fc8aaaf002e1fb0,969d132d-db66-45e0-8a8c-30d5092c15ea,HighConflict,2,disproved,disproved,disproved,2,0.5,8,0.6666666666666666,9,0.16666666666666663,1,1
16e13776585805a49351a10d648b68e8,70d04d7c-d721-4872-a552-50a7d756c9cc,HighConflict,-1,unknown,unknown,disproved,2,0.8,5,0.8888888888888888,9,0.0888888888888888,1,0
16e13776585805a49351a10d648b68e8,844064a3-1877-4523-b54e-873ac503085e,HighConflict,2,unknown,unknown,unknown,2,1.0,4,1.0,3,0.0,1,1
16e13776585805a49351a10d648b68e8,df13880d-206d-4f9c-8260-7878aa99adb2,HighConflict,1,unknown,unknown,unknown,1,0.0,4,0.0,3,0.0,1,1
171db21f351a533f5a4c7462e609f800,415ab01c-32b2-47d7-995c-cafd0a077515,LowConflict,1,unknown,unknown,unknown,1,1.0,6,1.0,7,0.0,1,1
171db21f351a533f5a4c7462e609f800,55206f00-1392-4175-b520-202d93a6a461,LowConflict,-1,unknown,unknown,disproved,2,1.0,7,1.0,4,0.0,1,0
171db21f351a533f5a4c7462e609f800,bbc9389a-25a0-4415-ab6a-ffb737398f9d,LowConflict,2,unknown,unknown,unknown,2,1.0,7,1.0,7,0.0,1,1
17a0056dca1c149926d7b7c81790c83b,2737d1f6-148d-4703-a13b-dd149ff79d96,HighConflict,2,unknown,unknown,unknown,2,1.0,6,1.0,8,0.0,1,1
17a0056dca1c149926d7b7c81790c83b,44eebc79-c745-4fcb-a6e7-d6e585769577,HighConflict,-1,unknown,unknown,disproved,2,1.0,4,1.0,6,0.0,1,0
17a0056dca1c149926d7b7c81790c83b,b52711d7-f0bf-4c16-9891-2f7be829ffa9,HighConflict,1,unknown,unknown,unknown,1,0.8,10,1.0,6,-0.19999999999999996,1,1
1812528715cc1820459982a7a24573be,58f50957-0e45-442a-96cd-5e3670e1dc62,HighConflict,-1,unknown,disproved,disproved,2,0.6666666666666666,9,0.875,8,0.20833333333333337,0,0
1812528715cc1820459982a7a24573be,d9163ea0-01ec-404b-a21b-d9bed1f100f0,HighConflict,1,unknown,disproved,unknown,1,0.6666666666666666,9,0.9,10,-0.2333333333333334,0,1
1812528715cc1820459982a7a24573be,e46c5c45-f638-499a-905b-dcfa5e720895,HighConflict,2,unknown,disproved,unknown,2,0.0,6,0.0,6,0.0,0,1
194489bda5e7bc6ebf0d9dd5104e6f46,72fc419b-1d08-4a5a-9451-9c43cbcd436e,HighConflict,-1,unknown,unknown,disproved,2,0.5,6,0.2,5,-0.3,1,0
194489bda5e7bc6ebf0d9dd5104e6f46,b83d2765-31e3-480c-9b44-3f207a4a7ad9,HighConflict,1,unknown,unknown,unknown,1,1.0,6,1.0,6,0.0,1,1
194489bda5e7bc6ebf0d9dd5104e6f46,c27a208c-8599-41b7-adcc-3603015102cd,HighConflict,2,unknown,unknown,unknown,2,0.0,6,0.0,9,0.0,1,1
1ae7247a0aabef31ba24cb070a90ddf5,2d1617a9-959d-4f5f-95c1-cff0433a8d30,LowConflict,1,proved,proved,disproved,2,1.0,6,1.0,3,0.0,1,0
1ae7247a0aabef31ba24cb070a90ddf5,5e76b32a-2814-47b9-acef-8cf7ae866837,LowConflict,2,proved,proved,proved,2,1.0,4,1.0,9,0.0,1,1
1ae7247a0aabef31ba24cb070a90ddf5,8e435b3a-f511-4a71-b78b-676be341386a,LowConflict,-1,proved,proved,unknown,2,1.0,3,1.0,3,0.0,1,0
1d4808a2e9cc8e65ac1bd0d00aee5ef3,45127f1f-cee3-4ae7-ad55-09f471e1ba48,LowConflict,-1,unknown,unknown,disproved,2,1.0,6,1.0,5,0.0,1,0
1d4808a2e9cc8e65ac1bd0d00aee5ef3,5ff09aa8-f78c-4407-902e-9a400bb8b608,LowConflict,1,unknown,unknown,proved,2,0.8571428571428571,7,1.0,6,0.1428571428571429,1,0
1d4808a2e9cc8e65ac1bd0d00aee5ef3,a0d657a4-525d-48c6-8f22-1169df0cb2f0,LowConflict,2,unknown,unknown,unknown,2,1.0,6,1.0,6,0.0,1,1
1e408d6870809ff22b026b364aae6180,0d636db7-f9bb-42c6-bf3c-bbe579c70403,LowConflict,1,unknown,unknown,unknown,1,1.0,3,1.0,3,0.0,1,1
1e408d6870809ff22b026b364aae6180,2258bc84-0ea9-4284-bbea-dadb8842e330,LowConflict,2,unknown,unknown,unknown,2,1.0,3,1.0,5,0.0,1,1
1e408d6870809ff22b026b364aae6180,967bab92-433c-446a-ba21-309c267be7b6,LowConflict,-1,unknown,unknown,disproved,2,1.0,10,1.0,6,0.0,1,0
21b89354da7cc3970dac9c165733ce85,d30526f1-0d22-466c-92f7-da2b9141b6f1,LowConflict,2,disproved,disproved,unknown,1,0.8333333333333334,6,1.0,7,-0.16666666666666663,1,0
21b89354da7cc3970dac9c165733ce85,dc3f451b-bf80-4df6-8555-2589411b96ca,LowConflict,1,disproved,disproved,unknown,2,1.0,8,1.0,7,0.0,1,0
21b89354da7cc3970dac9c165733ce85,ec1b7e3e-e70e-4e58-8b19-ea91fe3a84b1,LowConflict,-1,disproved,disproved,unknown,1,0.8571428571428571,7,1.0,7,-0.1428571428571429,1,0
270ebe7cc7f0d02bd162b4b586fe4642,22055bb7-6d5e-4d1b-abfe-64931d2269a8,HighConflict,1,proved,proved,disproved,2,0.0,8,0.0,7,0.0,1,0
270ebe7cc7f0d02bd162b4b586fe4642,2df0d055-f331-4050-b65a-7eb676ce9757,HighConflict,2,proved,proved,proved,2,1.0,8,1.0,7,0.0,1,1
270ebe7cc7f0d02bd162b4b586fe4642,b32720b4-0984-4663-beea-c1534404b7c4,HighConflict,-1,proved,proved,unknown,2,1.0,6,1.0,5,0.0,1,0
27a25c5e5e342808bd10e61b7ae44a8b,02ff9ad2-6ab4-49bd-804a-adee0d7176b3,HighConflict,1,disproved,unknown,unknown,2,0.3333333333333333,9,0.4444444444444444,9,0.1111111111111111,0,0
27a25c5e5e342808bd10e61b7ae44a8b,09238961-a8ce-4882-b4fc-09971ce1f0a6,HighConflict,2,disproved,unknown,unknown,1,0.7777777777777778,9,0.7777777777777778,9,0.0,0,0
27a25c5e5e342808bd10e61b7ae44a8b,415d812e-db56-426e-ac92-a747590df2da,HighConflict,-1,disproved,unknown,unknown,1,0.2222222222222222,9,0.9,10,-0.6777777777777778,0,0
2a3fd7fc41048b87ae847b1c2b213eaa,64915366-2456-47c3-ba7c-997e79dc9d69,LowConflict,-1,unknown,unknown,disproved,2,1.0,3,1.0,4,0.0,1,0
2a3fd7fc41048b87ae847b1c2b213eaa,7d6fd8ef-90bb-4888-b7cd-aca09adff62b,LowConflict,1,unknown,unknown,unknown,1,1.0,5,1.0,5,0.0,1,1
2a3fd7fc41048b87ae847b1c2b213eaa,ae90cd15-fb34-4f27-8fc2-0671e364d14e,LowConflict,2,unknown,unknown,unknown,2,1.0,5,1.0,5,0.0,1,1
2bd4932b187569624d845c3f5215b86d,59577bc9-8d31-40be-afb6-63fa6953b280,LowConflict,-1,proved,proved,disproved,1,0.8571428571428571,7,1.0,6,-0.1428571428571429,1,0
2bd4932b187569624d845c3f5215b86d,a6e2c9f0-1fbd-4945-af81-b26eeb8f1986,LowConflict,1,proved,proved,proved,1,0.8333333333333334,6,1.0,6,-0.16666666666666663,1,1
2bd4932b187569624d845c3f5215b86d,ae2995a5-7334-48d1-83c8-117186fb1056,LowConflict,2,proved,proved,proved,2,0.8333333333333334,6,1.0,6,0.16666666666666663,1,1
2c31e5f69d3012a005fccd95b8b11149,16ca75a3-d898-4b3b-a27d-3fb1167e48f8,LowConflict,-1,unknown,disproved,disproved,2,0.8571428571428571,7,1.0,3,0.1428571428571429,0,0
2c31e5f69d3012a005fccd95b8b11149,6cdf3498-446a-410d-9301-a5b700a849bc,LowConflict,2,unknown,disproved,unknown,2,0.0,3,1.0,5,1.0,0,1
2c31e5f69d3012a005fccd95b8b11149,ed39f686-6d1d-4e2b-9ba7-e2172f173716,LowConflict,1,unknown,disproved,unknown,1,1.0,6,1.0,7,0.0,0,1
2d5795e57ded035e4358dbf645b410f2,1f036de6-8d35-4d59-99be-fd306fce2377,HighConflict,1,unknown,disproved,unknown,1,0.0,8,0.25,8,-0.25,0,1
2d5795e57ded035e4358dbf645b410f2,5b54bc01-3bde-4412-b512-b2811cc09582,HighConflict,-1,unknown,disproved,disproved,2,1.0,7,1.0,7,0.0,0,0
2d5795e57ded035e4358dbf645b410f2,6522334f-4d11-42b5-accc-1a618915c486,HighConflict,2,unknown,disproved,unknown,2,1.0,5,1.0,7,0.0,0,1
30a5bb0b24b1379dfba544f7550f7708,356baac1-e55b-4dba-93c5-89aa69ebae26,LowConflict,2,disproved,disproved,unknown,1,1.0,5,1.0,7,0.0,1,0
30a5bb0b24b1379dfba544f7550f7708,3bdd6849-438f-4a7c-aaa7-3c8ece4ec7c7,LowConflict,1,disproved,disproved,disproved,1,1.0,7,1.0,6,0.0,1,1
30a5bb0b24b1379dfba544f7550f7708,ad296e13-682d-42a4-8c94-ae37eadfaec3,LowConflict,-1,disproved,disproved,unknown,1,1.0,5,1.0,6,0.0,1,0
31a5fb033e3a94c36012fd25349c5cdf,88db5664-bdbe-4988-adc5-6a71230231ab,HighConflict,1,proved,unknown,disproved,2,1.0,6,1.0,6,0.0,0,0
31a5fb033e3a94c36012fd25349c5cdf,b865f87c-73e8-4fe6-9d73-acbc59c3c8d7,HighConflict,-1,proved,unknown,unknown,2,1.0,8,1.0,8,0.0,0,0
31a5fb033e3a94c36012fd25349c5cdf,e27fe354-e646-44df-8249-d1e03a59b0b9,HighConflict,2,proved,unknown,disproved,1,1.0,7,1.0,7,0.0,0,0
345fa63dd6ca042883f1e780b60eb1af,785d9139-cf55-4a45-8db3-0a98ec53f9dd,HighConflict,2,unknown,unknown,unknown,2,0.2727272727272727,11,0.0,8,-0.2727272727272727,1,1
345fa63dd6ca042883f1e780b60eb1af,9c85d81f-98df-4401-a4ff-c546bc21827e,HighConflict,-1,unknown,unknown,disproved,2,0.875,8,1.0,8,0.125,1,0
345fa63dd6ca042883f1e780b60eb1af,de2ee616-a79c-4fa4-802d-ba2f0e6b51b5,HighConflict,1,unknown,unknown,unknown,1,0.5555555555555556,9,0.75,8,-0.19444444444444442,1,1
3581a1dccca6b59d5189dce5f56bea24,4a2b4942-a36c-43ff-8329-6e0ee49d6aab,LowConflict,1,proved,proved,disproved,2,1.0,7,1.0,7,0.0,1,0
3581a1dccca6b59d5189dce5f56bea24,d3192c2e-d1f6-4054-b201-c7c4a9d59b3b,LowConflict,-1,proved,proved,disproved,1,0.8333333333333334,6,1.0,6,-0.16666666666666663,1,0
3581a1dccca6b59d5189dce5f56bea24,fe3527fa-4ec9-4854-b264-e185fb1e4bc0,LowConflict,2,proved,proved,proved,2,0.8571428571428571,7,1.0,9,0.1428571428571429,1,1
397c9838fc6b68f20b92263cb3e3ab7a,2e1f9791-d4e2-4dd6-82a9-1d2062d8117b,LowConflict,2,disproved,disproved,unknown,1,1.0,9,1.0,5,0.0,1,0
397c9838fc6b68f20b92263cb3e3ab7a,6c7e113b-9ca6-41f1-8752-e47da0c06513,LowConflict,1,disproved,disproved,unknown,2,0.8888888888888888,9,1.0,8,0.11111111111111116,1,0
397c9838fc6b68f20b92263cb3e3ab7a,90bbf145-2f85-44ea-a7f0-0fc7e8a4cf46,LowConflict,-1,disproved,disproved,proved,2,1.0,7,1.0,7,0.0,1,0
3a3fe53c6b2f41e15f0a26633258a3fb,1b48b360-9a02-41ac-9845-c9bb26b33eef,HighConflict,1,proved,disproved,disproved,2,0.75,8,0.875,8,0.125,0,0
3a3fe53c6b2f41e15f0a26633258a3fb,be8e9e3a-f5de-4b15-8a2e-21f3e45d50b7,HighConflict,2,proved,disproved,disproved,1,0.875,8,1.0,7,-0.125,0,0
3a3fe53c6b2f41e15f0a26633258a3fb,f705cab7-7132-4e01-8d53-bef808a3c928,HighConflict,-1,proved,disproved,disproved,1,0.875,8,1.0,9,-0.125,0,0
3ace07a009ef259c33ef3dacd82a2fcb,05d9da96-8b5a-4131-b05f-58c3802bc52e,LowConflict,-1,proved,proved,unknown,2,1.0,6,1.0,6,0.0,1,0
3ace07a009ef259c33ef3dacd82a2fcb,bc674bdf-593d-438d-bd6e-d0cef8fe57ca,LowConflict,2,proved,proved,proved,2,1.0,7,1.0,7,0.0,1,1
3ace07a009ef259c33ef3dacd82a2fcb,e33cf2d0-fa77-4d9b-ad4a-54e3c2f81386,LowConflict,1,proved,proved,disproved,2,0.8333333333333334,6,1.0,6,0.16666666666666663,1,0
3dd1f72c43a39b2ec44a99d577b8b3a5,00c5d40d-0cc2-408b-8be9-546c05cf925c,HighConflict,2,disproved,disproved,unknown,1,0.0,8,0.0,6,0.0,1,0
3dd1f72c43a39b2ec44a99d577b8b3a5,0379e061-9fd8-475f-ba6b-7fc00c5965ec,HighConflict,-1,disproved,disproved,proved,2,0.75,8,1.0,9,0.25,1,0
3dd1f72c43a39b2ec44a99d577b8b3a5,c378beac-06c1-47a0-a23c-ea48c2bdfe56,HighConflict,1,disproved,disproved,disproved,1,1.0,9,1.0,12,0.0,1,1
42ef1098a2f7ac0da265a885a6828384,48cdfc07-4703-46b7-948f-9a5d41b0687a,LowConflict,1,proved,proved,proved,1,1.0,6,1.0,8,0.0,1,1
42ef1098a2f7ac0da265a885a6828384,7f4f4e7b-0a35-4ccb-bab0-b25045b6c806,LowConflict,2,proved,proved,proved,2,0.5714285714285714,7,0.6666666666666666,6,0.09523809523809523,1,1
42ef1098a2f7ac0da265a885a6828384,8d19695c-0786-49ec-95f0-973e34700d38,LowConflict,-1,proved,proved,unknown,2,0.0,6,0.0,6,0.0,1,0
4c2e02b20182299882cdc28b2cf23e8d,247eb902-e7f5-44b9-b609-9fc6445bdc51,LowConflict,-1,disproved,unknown,proved,2,1.0,6,1.0,7,0.0,0,0
4c2e02b20182299882cdc28b2cf23e8d,70ab7796-fb5c-4233-a2bb-8e37b13f9e46,LowConflict,2,disproved,unknown,unknown,1,1.0,5,1.0,5,0.0,0,0
4c2e02b20182299882cdc28b2cf23e8d,edd01cc1-94ac-4cec-8085-8ff808b6e755,LowConflict,1,disproved,unknown,unknown,2,1.0,8,1.0,3,0.0,0,0
51f04d6ac1cea47bf917fcea1d8cf3fd,1a1513c0-63bf-4e5f-87a0-bb00a650cf26,LowConflict,1,unknown,unknown,unknown,1,1.0,5,1.0,9,0.0,1,1
51f04d6ac1cea47bf917fcea1d8cf3fd,458535cd-c5a7-4391-931c-e6a1f5654aa8,LowConflict,2,unknown,unknown,unknown,2,1.0,8,1.0,9,0.0,1,1
51f04d6ac1cea47bf917fcea1d8cf3fd,76c8eaee-67da-4c20-98b6-b452d312c8d0,LowConflict,-1,unknown,unknown,proved,1,1.0,9,1.0,6,0.0,1,0
524987bd2b554b2f909ba71339258d7b,6019d0e5-83ff-4bc3-a012-fb724ba15a4c,LowConflict,2,proved,proved,disproved,1,1.0,7,1.0,7,0.0,1,0
524987bd2b554b2f909ba71339258d7b,608c69ca-981c-43b8-b630-6e4903a0943b,LowConflict,-1,proved,proved,unknown,2,0.8571428571428571,7,1.0,7,0.1428571428571429,1,0
524987bd2b554b2f909ba71339258d7b,9893e7f7-71d8-429e-9c50-12b30ce18200,LowConflict,1,proved,proved,disproved,2,0.5,10,0.8333333333333334,12,0.33333333333333337,1,0
54b86326729f3697f5e9e4e2956aa867,1249136f-a71f-41f9-bf12-98d9f223967e,HighConflict,2,disproved,disproved,disproved,2,0.2857142857142857,7,0.5,8,0.2142857142857143,1,1
54b86326729f3697f5e9e4e2956aa867,8ab45999-6e83-4f0a-abf8-0a4ce9909ef8,HighConflict,1,disproved,disproved,unknown,2,1.0,6,1.0,6,0.0,1,0
54b86326729f3697f5e9e4e2956aa867,aecee6d4-651b-40a3-827b-a74a35f48065,HighConflict,-1,disproved,disproved,unknown,1,0.6666666666666666,9,0.8888888888888888,9,-0.2222222222222222,1,0
557eb69062c656b29e4302ae460adcc4,6780e222-9bca-4457-b5b7-be3442d7f36b,HighConflict,1,proved,unknown,disproved,2,1.0,5,1.0,8,0.0,0,0
557eb69062c656b29e4302ae460adcc4,6d6f1052-e569-4da5-8f3a-48a4b7301630,HighConflict,-1,proved,unknown,unknown,2,1.0,7,1.0,7,0.0,0,0
557eb69062c656b29e4302ae460adcc4,fe887367-6756-4ec0-9fec-4be7424913f8,HighConflict,2,proved,unknown,disproved,1,1.0,8,1.0,15,0.0,0,0
5888ebc435abb75e5a1a76185a851409,2de5b698-f749-41c1-a9ff-80b8cb65ae4f,HighConflict,2,disproved,disproved,disproved,2,0.5714285714285714,7,0.8,10,0.22857142857142865,1,1
5888ebc435abb75e5a1a76185a851409,4dfa6ad0-bb2d-45d6-b609-e4ba1ed66068,HighConflict,-1,disproved,disproved,unknown,1,0.2,5,0.875,8,-0.675,1,0
5888ebc435abb75e5a1a76185a851409,676a5184-c980-4d87-96af-d91d4781557e,HighConflict,1,disproved,disproved,disproved,1,1.0,11,1.0,5,0.0,1,1
59e443c34ea0954d24024498704e64e6,2f6d9adc-f155-466f-ae5b-0db738985e66,LowConflict,1,proved,unknown,disproved,2,0.8333333333333334,6,1.0,6,0.16666666666666663,0,0
59e443c34ea0954d24024498704e64e6,31fa5d69-6a2d-4095-9478-6606ff4bcb17,LowConflict,2,proved,unknown,proved,2,0.8888888888888888,9,1.0,7,0.11111111111111116,0,1
59e443c34ea0954d24024498704e64e6,918db3eb-2ea6-4ea7-b30c-688b2b4b7450,LowConflict,-1,proved,unknown,unknown,2,1.0,7,1.0,10,0.0,0,0
5a403b90860db9e409dcf80db7d2d3f2,71c0e146-eca2-4218-9538-cb89bf53a66d,LowConflict,-1,proved,proved,unknown,2,0.7142857142857143,7,1.0,7,0.2857142857142857,1,0
5a403b90860db9e409dcf80db7d2d3f2,b14de80b-f196-4086-91ba-d6c2baa9f9ef,LowConflict,2,proved,proved,proved,2,0.875,8,1.0,9,0.125,1,1
5a403b90860db9e409dcf80db7d2d3f2,cc54a7a7-f2ec-4e58-8ebc-7d9f2960cd4d,LowConflict,1,proved,proved,proved,1,0.7142857142857143,7,1.0,5,-0.2857142857142857,1,1
5bb89a91ea2415fd70dd282603780b5d,0eddc0f8-18be-4f13-bd2b-65e1d7834299,LowConflict,2,disproved,proved,disproved,2,1.0,5,1.0,8,0.0,0,1
5bb89a91ea2415fd70dd282603780b5d,43b76aa2-ba67-4e16-934f-3a059cd95521,LowConflict,-1,disproved,proved,proved,2,0.8888888888888888,9,1.0,9,0.11111111111111116,0,0
5bb89a91ea2415fd70dd282603780b5d,44ae4e42-f335-4ab3-84ef-25cfadbe947d,LowConflict,1,disproved,proved,unknown,2,1.0,10,1.0,9,0.0,0,0
5e7a9de65c717a1ff45aba3b20c10e1f,5aa79d4c-ad95-4be6-8b07-9803d16a119d,HighConflict,2,proved,proved,disproved,1,1.0,8,1.0,8,0.0,1,0
5e7a9de65c717a1ff45aba3b20c10e1f,6b3650f8-8ac1-4c93-83b2-4cdc25d49e34,HighConflict,-1,proved,proved,unknown,2,0.6666666666666666,3,0.6666666666666666,3,0.0,1,0
5e7a9de65c717a1ff45aba3b20c10e1f,d211851a-f8ca-42d9-884b-f1f2ec2aaf1e,HighConflict,1,proved,proved,proved,1,1.0,7,1.0,9,0.0,1,1
651173047e352aa9189b15bdb952cdb3,0c844218-435e-4f72-8dea-27ed51b6c7f3,HighConflict,1,unknown,unknown,unknown,1,1.0,6,1.0,7,0.0,1,1
651173047e352aa9189b15bdb952cdb3,3db0c8fd-6b6d-4c15-bf03-7f269bd487f0,HighConflict,2,unknown,unknown,unknown,2,0.3333333333333333,3,0.8333333333333334,6,0.5,1,1
651173047e352aa9189b15bdb952cdb3,5ebcc226-6ec2-413f-8eee-651a1714bcd3,HighConflict,-1,unknown,unknown,disproved,2,1.0,4,1.0,4,0.0,1,0
687f8d3b2086d2d568beb9be6b345b2b,6ce2c7ae-dedd-40a6-8e85-49e5a57e59d9,HighConflict,2,proved,proved,proved,2,0.6666666666666666,3,0.8571428571428571,7,0.19047619047619047,1,1
687f8d3b2086d2d568beb9be6b345b2b,91d0c712-6843-4ae7-85d8-e0169c60a9c6,HighConflict,-1,proved,proved,disproved,1,1.0,8,1.0,6,0.0,1,0
687f8d3b2086d2d568beb9be6b345b2b,daf70993-a3f0-4457-9f3a-389724c40f57,HighConflict,1,proved,proved,disproved,2,1.0,6,1.0,6,0.0,1,0
68fb90f6350de4b804c1c1dad37fe85e,014da6fc-dd05-49d5-87ce-fa5f565a66bf,HighConflict,-1,unknown,unknown,disproved,2,0.9,10,1.0,8,0.09999999999999998,1,0
68fb90f6350de4b804c1c1dad37fe85e,a271767f-2ed5-44dd-b029-4af2ad085f41,HighConflict,1,unknown,unknown,unknown,1,0.7777777777777778,9,0.8,15,-0.022222222222222254,1,1
68fb90f6350de4b804c1c1dad37fe85e,e67a0305-8ec3-46ff-b7f7-c3c909d8b83b,HighConflict,2,unknown,unknown,unknown,2,0.0,9,0.0,9,0.0,1,1
69334cff5980b1a1967b9b4fdd0a9e99,20ac8d57-09fe-4bbf-b180-a71eb3798be8,LowConflict,-1,unknown,disproved,disproved,2,1.0,7,1.0,4,0.0,0,0
69334cff5980b1a1967b9b4fdd0a9e99,64e04688-6fd7-4fc9-924f-e1cdb5c9fd0b,LowConflict,2,unknown,disproved,unknown,2,1.0,6,1.0,8,0.0,0,1
69334cff5980b1a1967b9b4fdd0a9e99,aa252a26-4aee-4a54-940f-94984191900f,LowConflict,1,unknown,disproved,unknown,1,1.0,6,1.0,3,0.0,0,1
69edc842d0f0efbbe7e5a4b2ba94063b,1e4c920a-2b12-47f0-aed1-497482d0e149,HighConflict,1,proved,unknown,disproved,2,1.0,9,1.0,10,0.0,0,0
69edc842d0f0efbbe7e5a4b2ba94063b,9621c841-933d-4c93-afc3-70836a148141,HighConflict,-1,proved,unknown,unknown,2,0.75,8,1.0,12,0.25,0,0
69edc842d0f0efbbe7e5a4b2ba94063b,c0bd0fdc-5e31-406a-9b39-dcf438720403,HighConflict,2,proved,unknown,disproved,1,1.0,9,1.0,7,0.0,0,0
6a8105748f60dc67ab01163474955e80,bea1a24a-d6d6-40f7-8cdb-d2e66e00cbee,HighConflict,-1,disproved,disproved,proved,2,0.6666666666666666,6,1.0,6,0.33333333333333337,1,0
6a8105748f60dc67ab01163474955e80,c24da305-16d3-4760-bed2-fb17cc85a63d,HighConflict,1,disproved,disproved,unknown,2,1.0,6,1.0,3,0.0,1,0
6a8105748f60dc67ab01163474955e80,e6f4c578-0cec-4b1b-9d35-3cb99ea400dd,HighConflict,2,disproved,disproved,unknown,1,0.0,3,0.0,6,0.0,1,0
6c1955452749a7d941ef459da384be8f,528ce181-3ca9-48ac-9ad7-cba6db102870,LowConflict,2,unknown,unknown,unknown,2,1.0,3,1.0,6,0.0,1,1
6c1955452749a7d941ef459da384be8f,aaea53e4-c7d4-4e59-869b-5b773df970e3,LowConflict,-1,unknown,unknown,disproved,2,1.0,6,1.0,5,0.0,1,0
6c1955452749a7d941ef459da384be8f,c182e00c-0f9b-44a0-b261-04c1d43cbfac,LowConflict,1,unknown,unknown,unknown,1,1.0,6,1.0,4,0.0,1,1
6c97b07c40d11d6b05fc6acd636d42c4,1681b23b-ae2a-46f2-b810-0b38463f7624,LowConflict,1,disproved,unknown,unknown,2,0.8571428571428571,7,1.0,7,0.1428571428571429,0,0
6c97b07c40d11d6b05fc6acd636d42c4,9dcaf55f-ca94-4fd3-a213-68a01d49fefc,LowConflict,2,disproved,unknown,unknown,1,0.0,5,0.8333333333333334,6,-0.8333333333333334,0,0
6c97b07c40d11d6b05fc6acd636d42c4,9f77d51d-0433-499b-91e0-cb73b67c4a39,LowConflict,-1,disproved,unknown,unknown,1,0.5,6,0.75,4,-0.25,0,0
6cfda29cce95e99b8557b02a7329a2d7,70906486-fafa-40f2-92d9-f689ee5a0625,LowConflict,-1,disproved,unknown,proved,2,0.875,8,1.0,9,0.125,0,0
6cfda29cce95e99b8557b02a7329a2d7,b0962403-f6e7-4632-976b-ed909308802a,LowConflict,2,disproved,unknown,unknown,1,1.0,7,1.0,9,0.0,0,0
6cfda29cce95e99b8557b02a7329a2d7,b5592382-9f78-4ca8-9811-5cba5cbc52f7,LowConflict,1,disproved,unknown,unknown,2,0.8888888888888888,9,1.0,7,0.11111111111111116,0,0
71c69eed5e210a07e9ae4427ead560e5,1ddb0826-b85c-46a0-9410-3c1abfce3a22,LowConflict,2,proved,proved,disproved,1,0.6666666666666666,6,0.875,8,-0.20833333333333337,1,0
71c69eed5e210a07e9ae4427ead560e5,7149d637-1831-4e56-a6fc-826835127ccb,LowConflict,-1,proved,proved,unknown,2,0.8333333333333334,6,0.8333333333333334,6,0.0,1,0
71c69eed5e210a07e9ae4427ead560e5,fc155c87-e27d-43bb-9686-2adf6a2dc87f,LowConflict,1,proved,proved,disproved,2,0.6,5,1.0,8,0.4,1,0
72a6daa85f08ba84bf55601f329b6808,60d4394a-060b-4515-9e9d-8d073f5a1a7e,LowConflict,2,proved,proved,proved,2,0.8,10,1.0,8,0.19999999999999996,1,1
72a6daa85f08ba84bf55601f329b6808,c1ca924a-f4f4-401e-b7b2-eb9c899b5f8d,LowConflict,1,proved,proved,disproved,2,1.0,7,1.0,7,0.0,1,0
72a6daa85f08ba84bf55601f329b6808,c47ad043-6eef-40a6-9271-a4f1655a15fc,LowConflict,-1,proved,proved,unknown,2,1.0,9,1.0,5,0.0,1,0
7762c76170c9d8866f03e3fc08d94b2e,213ece06-5228-469d-86dd-5d3635c31dae,HighConflict,2,proved,unknown,disproved,1,1.0,3,1.0,4,0.0,0,0
7762c76170c9d8866f03e3fc08d94b2e,7e3868ef-fcc6-4a87-865f-bc7620672eae,HighConflict,1,proved,unknown,disproved,2,0.8333333333333334,6,1.0,7,0.16666666666666663,0,0
7762c76170c9d8866f03e3fc08d94b2e,c623dd61-8f76-4664-9662-0334266ddf84,HighConflict,-1,proved,unknown,unknown,2,1.0,4,1.0,7,0.0,0,0
78771f21f888ff8325a1fa4d20a11898,584ff3c2-2ab5-4fa2-849f-80a634821169,LowConflict,1,disproved,disproved,unknown,2,1.0,6,1.0,6,0.0,1,0
78771f21f888ff8325a1fa4d20a11898,bb8603fa-0b81-4ea0-88aa-e63b4f5a6b68,LowConflict,-1,disproved,disproved,proved,2,0.6666666666666666,6,0.7142857142857143,7,0.04761904761904767,1,0
78771f21f888ff8325a1fa4d20a11898,bef52b57-ad1e-4282-9695-467c972d6af9,LowConflict,2,disproved,disproved,disproved,2,0.5555555555555556,9,1.0,6,0.4444444444444444,1,1
7b1eaaa73d68287a5b2b2216b8b6fd6f,28eb82f8-596f-401b-96a3-f13f62b1765f,HighConflict,2,proved,proved,proved,2,0.8333333333333334,6,1.0,9,0.16666666666666663,1,1
7b1eaaa73d68287a5b2b2216b8b6fd6f,71a63176-30ed-4a69-a5b4-a4f690f343cd,HighConflict,1,proved,proved,disproved,2,1.0,6,0.8333333333333334,6,-0.16666666666666663,1,0
7b1eaaa73d68287a5b2b2216b8b6fd6f,8b9da301-127d-4bc8-bd07-0953abea9020,HighConflict,-1,proved,proved,unknown,2,1.0,4,1.0,3,0.0,1,0
7ca0a3144173fa83e8cf10035fd4c1bb,17f0d226-3622-49c1-a227-f059557ac95e,LowConflict,-1,disproved,disproved,proved,2,1.0,8,1.0,9,0.0,1,0
7ca0a3144173fa83e8cf10035fd4c1bb,7a3e3431-3880-4e17-8a6e-6ff7ea6265f2,LowConflict,2,disproved,disproved,unknown,1,1.0,5,1.0,4,0.0,1,0
7ca0a3144173fa83e8cf10035fd4c1bb,f28a550c-b056-411c-9a75-181c0e940e82,LowConflict,1,disproved,disproved,unknown,2,1.0,6,1.0,6,0.0,1,0
7dd4de9db2892178fa5ba47472c1f7a7,524b60e4-0768-43be-8cb2-8e753fe22ab6,LowConflict,1,proved,proved,disproved,2,1.0,9,1.0,6,0.0,1,0
7dd4de9db2892178fa5ba47472c1f7a7,7ffd8907-67ad-43ef-97d6-0e4c0c4f977f,LowConflict,2,proved,proved,disproved,1,0.7142857142857143,7,1.0,9,-0.2857142857142857,1,0
7dd4de9db2892178fa5ba47472c1f7a7,ba02e294-19a8-4762-a018-884b72af3b23,LowConflict,-1,proved,proved,unknown,2,1.0,3,1.0,3,0.0,1,0
7f1a67ba0aaed310db53a7e17329f6c2,605fc52c-e9cd-4ecd-bf31-0fb4d971f9f8,HighConflict,1,disproved,disproved,unknown,2,0.8333333333333334,6,1.0,7,0.16666666666666663,1,0
7f1a67ba0aaed310db53a7e17329f6c2,614cd139-d4c9-4e98-b582-ca4f0bd69f20,HighConflict,2,disproved,disproved,unknown,1,0.2857142857142857,7,0.5,4,-0.2142857142857143,1,0
7f1a67ba0aaed310db53a7e17329f6c2,d4530671-9b20-4848-a78e-45e0869e8b1b,HighConflict,-1,disproved,disproved,unknown,1,0.0,6,0.0,6,0.0,1,0
7f4e9ce24b408ad011c06b621f2b1478,9a638d9b-c2e6-4733-97e7-fb069114b5d2,LowConflict,1,unknown,unknown,unknown,1,1.0,5,1.0,5,0.0,1,1
7f4e9ce24b408ad011c06b621f2b1478,b7c7993d-716c-41e9-9591-9f54838a4871,LowConflict,2,unknown,unknown,unknown,2,0.875,8,0.8,5,-0.07499999999999996,1,1
7f4e9ce24b408ad011c06b621f2b1478,fd354128-bab6-49d3-89f1-4ae13d3fdbc1,LowConflict,-1,unknown,unknown,disproved,2,1.0,4,1.0,6,0.0,1,0
80d39118f6e091c98804836b74a7017f,11855c0d-7ac5-48c4-8ea5-5ac6142a53c7,HighConflict,-1,unknown,disproved,disproved,2,0.875,8,1.0,7,0.125,0,0
80d39118f6e091c98804836b74a7017f,ada36e3e-f7b6-4eb2-bb43-616790b8063e,HighConflict,1,unknown,disproved,unknown,1,0.8888888888888888,9,0.6666666666666666,9,0.2222222222222222,0,1
80d39118f6e091c98804836b74a7017f,eec99ed7-19c5-44d7-b5ee-1a2906e0bdc5,HighConflict,2,unknown,disproved,unknown,2,1.0,7,1.0,5,0.0,0,1
84a49059e4bab1241948ea82e36f7570,06ceda40-ec86-4642-9c60-d03a24a0f558,HighConflict,1,disproved,unknown,unknown,2,1.0,6,1.0,4,0.0,0,0
84a49059e4bab1241948ea82e36f7570,f02a7dff-3778-4033-94ef-1613bafb8115,HighConflict,2,disproved,unknown,disproved,2,0.6,5,0.625,8,0.025000000000000022,0,1
84a49059e4bab1241948ea82e36f7570,f66aad02-775d-4fe1-8f07-526645d711bc,HighConflict,-1,disproved,unknown,unknown,1,0.5,6,0.25,4,0.25,0,0
868248929d9028b28a3adb63271b484f,3e698e53-0497-452f-b8b8-e98d8e03d48d,HighConflict,1,disproved,disproved,unknown,2,0.5,2,0.0,6,-0.5,1,0
868248929d9028b28a3adb63271b484f,3e7ea8e4-4d4f-4b74-9083-9fd6a5f18e3b,HighConflict,2,disproved,disproved,unknown,1,1.0,3,1.0,3,0.0,1,0
868248929d9028b28a3adb63271b484f,acccf7c6-4258-4853-996f-97a3f5ec631b,HighConflict,-1,disproved,disproved,unknown,1,1.0,3,1.0,6,0.0,1,0
868fae73435a7b8d60b18bcd3dbb554b,8fdb389d-1682-42a7-a92f-f4d17fffa64e,HighConflict,2,unknown,proved,unknown,2,0.8333333333333334,6,0.75,4,-0.08333333333333337,0,1
868fae73435a7b8d60b18bcd3dbb554b,9dfd2b84-dcec-471e-a2fa-d0c4a579e12c,HighConflict,-1,unknown,proved,disproved,2,1.0,8,1.0,6,0.0,0,0
868fae73435a7b8d60b18bcd3dbb554b,bd5db3ec-3103-45eb-a101-7fe56083937c,HighConflict,1,unknown,proved,unknown,1,0.42857142857142855,7,0.8,5,-0.3714285714285715,0,1
86fd3db4726e12cba4cb398e0b7d18b7,68cf1856-83eb-423c-9cec-1e6a5dc2b75e,HighConflict,1,disproved,proved,unknown,2,1.0,8,1.0,6,0.0,0,0
86fd3db4726e12cba4cb398e0b7d18b7,77f2fcf1-5133-4be6-997a-11ac56dc6b7c,HighConflict,2,disproved,proved,unknown,1,0.8571428571428571,7,0.14285714285714285,7,0.7142857142857142,0,0
86fd3db4726e12cba4cb398e0b7d18b7,bc4bda05-49ff-460e-a906-8bd02612d063,HighConflict,-1,disproved,proved,unknown,1,0.8333333333333334,6,0.5714285714285714,7,0.261904761904762,0,0
8eec006866fa99193f94453de6540673,1ee1098a-4461-4477-a3fd-d7fab3bda180,LowConflict,1,unknown,unknown,unknown,1,1.0,6,1.0,6,0.0,1,1
8eec006866fa99193f94453de6540673,ac70a85e-8dde-4793-bbeb-1c2d680e39c9,LowConflict,2,unknown,unknown,unknown,2,1.0,6,1.0,5,0.0,1,1
8eec006866fa99193f94453de6540673,d9797843-4832-4651-9b4f-7cb478a5aa93,LowConflict,-1,unknown,unknown,disproved,2,1.0,7,1.0,8,0.0,1,0
90052351bd7b5ac482e9798bb1d5bcd6,0c294483-97d2-47e2-a2b9-3723cb2914a7,LowConflict,-1,unknown,unknown,proved,1,0.9,10,1.0,7,-0.09999999999999998,1,0
90052351bd7b5ac482e9798bb1d5bcd6,b05aa7c8-cba2-4182-9e64-d0f335d294a4,LowConflict,1,unknown,unknown,unknown,1,0.8571428571428571,7,1.0,8,-0.1428571428571429,1,1
90052351bd7b5ac482e9798bb1d5bcd6,dad63271-8fbb-4c58-a7cd-cb30881aee08,LowConflict,2,unknown,unknown,unknown,2,0.0,10,0.0,8,0.0,1,1
915eb90d8c288df52e74c292fb9bef96,39c2e298-f283-42d5-bcee-44eff942e47f,HighConflict,-1,proved,unknown,disproved,1,1.0,10,0.7272727272727273,11,0.2727272727272727,0,0
915eb90d8c288df52e74c292fb9bef96,57f7b215-3de4-4d54-82f2-104eab636808,HighConflict,1,proved,unknown,disproved,2,0.7777777777777778,9,1.0,8,0.2222222222222222,0,0
915eb90d8c288df52e74c292fb9bef96,c729cdad-175e-41dc-8540-6c633cd96910,HighConflict,2,proved,unknown,disproved,1,1.0,9,1.0,10,0.0,0,0
93b69fd0054fbb398f5f21617b25c2bc,104f5a6e-9897-40f6-a87f-19681649467c,HighConflict,-1,disproved,unknown,unknown,1,0.7777777777777778,9,1.0,8,-0.2222222222222222,0,0
93b69fd0054fbb398f5f21617b25c2bc,eaa2c26d-9550-48e2-adf8-1c5bfa617cd9,HighConflict,1,disproved,unknown,unknown,2,0.6,5,1.0,7,0.4,0,0
93b69fd0054fbb398f5f21617b25c2bc,f1e52b73-7e84-44f2-9333-da36b4cd1b9e,HighConflict,2,disproved,unknown,disproved,2,0.6,10,0.7777777777777778,9,0.1777777777777778,0,1
94d68ccc1e990fdc9d88f85b51f93835,67238904-4ac3-4c48-91b6-328dec1fc515,HighConflict,-1,unknown,disproved,disproved,2,0.8333333333333334,6,1.0,9,0.16666666666666663,0,0
94d68ccc1e990fdc9d88f85b51f93835,a81a16d7-afe5-4de1-88be-c9e651d70e8a,HighConflict,2,unknown,disproved,unknown,2,0.8888888888888888,9,1.0,6,0.11111111111111116,0,1
94d68ccc1e990fdc9d88f85b51f93835,e31d632e-b9a9-4599-9e4a-282d795fd6a8,HighConflict,1,unknown,disproved,unknown,1,1.0,9,1.0,7,0.0,0,1
9ba8f28e68cf0154a7a96b55fe46840b,7eaf1ec8-f803-4875-a99a-c866c8a91da8,HighConflict,-1,disproved,disproved,proved,2,0.625,8,0.9166666666666666,12,0.29166666666666663,1,0
9ba8f28e68cf0154a7a96b55fe46840b,807f596d-6d39-4afc-977a-09002ad0e6b8,HighConflict,1,disproved,disproved,unknown,2,0.9090909090909091,11,1.0,7,0.09090909090909094,1,0
9ba8f28e68cf0154a7a96b55fe46840b,97025531-36da-43da-bcba-d434ab19033a,HighConflict,2,disproved,disproved,disproved,2,0.6666666666666666,6,0.8,10,0.13333333333333341,1,1
9fc684daab67f18d8942592e4dbfa0fe,5e3d2733-0bab-4ea5-9e63-d96f927ff583,HighConflict,2,unknown,unknown,unknown,2,0.7142857142857143,7,1.0,6,0.2857142857142857,1,1
9fc684daab67f18d8942592e4dbfa0fe,7062fcae-2016-430c-9ff4-602e3d8f2968,HighConflict,1,unknown,unknown,unknown,1,0.8571428571428571,7,1.0,3,-0.1428571428571429,1,1
9fc684daab67f18d8942592e4dbfa0fe,cd3e99cd-c802-49ea-a081-c9dd4a9e0e05,HighConflict,-1,unknown,unknown,proved,1,0.5555555555555556,9,0.7142857142857143,7,-0.15873015873015872,1,0
a0bfb87225bc8b97730f23c978fbbc71,0c92ba19-8733-4782-8dba-10cc91d04217,HighConflict,-1,unknown,unknown,disproved,2,0.8,5,0.6,5,-0.20000000000000007,1,0
a0bfb87225bc8b97730f23c978fbbc71,303ae054-a8e7-4663-8c51-538ee7b5fb19,HighConflict,1,unknown,unknown,unknown,1,0.8571428571428571,7,0.625,8,0.2321428571428571,1,1
a0bfb87225bc8b97730f23c978fbbc71,f28dd622-7f47-49e5-b136-0ed5e003c655,HighConflict,2,unknown,unknown,unknown,2,0.14285714285714285,7,0.125,8,-0.01785714285714285,1,1
a10d2525a748352c863eb6753ea5073e,2b52fb98-3ddc-4714-8438-4ed3170a24c9,LowConflict,2,unknown,unknown,unknown,2,0.8333333333333334,6,1.0,5,0.16666666666666663,1,1
a10d2525a748352c863eb6753ea5073e,2e51de0b-19aa-497a-93a2-9b7595a729d8,LowConflict,1,unknown,unknown,unknown,1,0.3333333333333333,6,0.25,8,0.08333333333333331,1,1
a10d2525a748352c863eb6753ea5073e,374787e5-e83f-40c0-b7b7-bb67341f2014,LowConflict,-1,unknown,unknown,disproved,2,0.8571428571428571,7,1.0,9,0.1428571428571429,1,0
a3ccd8805ec2c5c272f7e84f8c9017a8,176e5595-8500-4398-82de-86643a7b6ff0,LowConflict,2,unknown,disproved,proved,1,1.0,6,1.0,6,0.0,0,0
a3ccd8805ec2c5c272f7e84f8c9017a8,31540aa1-9b65-47c7-a48e-a121e9404f59,LowConflict,1,unknown,disproved,unknown,1,1.0,6,1.0,8,0.0,0,1
a3ccd8805ec2c5c272f7e84f8c9017a8,ea2122b6-ee22-4560-8976-0e181bbadcc2,LowConflict,-1,unknown,disproved,disproved,2,1.0,6,1.0,6,0.0,0,0
a63719fee0f2155f1acee3877e526cd7,072759dc-6de1-4d6f-a4cf-627d315bee9c,LowConflict,1,unknown,unknown,unknown,1,0.0,3,0.0,6,0.0,1,1
a63719fee0f2155f1acee3877e526cd7,3148b9be-c13b-44f9-9537-b89f25240e7d,LowConflict,2,unknown,unknown,unknown,2,1.0,6,1.0,8,0.0,1,1
a63719fee0f2155f1acee3877e526cd7,3f552d03-65f7-4a73-a102-a5cd5b63a7f4,LowConflict,-1,unknown,unknown,disproved,2,1.0,7,1.0,4,0.0,1,0
a65a19a7de1ce4c040b877e516da049e,5ac1b8d9-ac8e-4201-986e-4aa35b9017ed,LowConflict,-1,proved,proved,disproved,1,1.0,8,1.0,6,0.0,1,0
a65a19a7de1ce4c040b877e516da049e,d8ed96c8-ac1d-4b89-b6c9-e0d80848a942,LowConflict,1,proved,proved,proved,1,1.0,6,1.0,3,0.0,1,1
a65a19a7de1ce4c040b877e516da049e,f3c4ddbf-2d6d-4c69-b980-f50a9018dd1b,LowConflict,2,proved,proved,proved,2,1.0,4,1.0,9,0.0,1,1
abd8af4a27dca906236ca4c25eb99cf5,1601a44a-2d36-440a-a4bd-662a8260f0ae,LowConflict,-1,disproved,disproved,unknown,1,0.8571428571428571,7,0.7777777777777778,9,0.0793650793650793,1,0
abd8af4a27dca906236ca4c25eb99cf5,237e87db-0a43-4512-bb3e-66a4e2729124,LowConflict,2,disproved,disproved,disproved,2,0.4,5,1.0,6,0.6,1,1
abd8af4a27dca906236ca4c25eb99cf5,70e293c5-08fb-4199-a418-aa7700729aaf,LowConflict,1,disproved,disproved,unknown,2,0.6,5,0.9285714285714286,14,0.3285714285714286,1,0
ac252485b9867f4db31bc72ed3a01411,0ecff29a-98db-403a-81d8-a95b8c708698,HighConflict,-1,proved,unknown,unknown,2,0.8333333333333334,6,1.0,7,0.16666666666666663,0,0
ac252485b9867f4db31bc72ed3a01411,46d64060-68c9-428a-b4a4-20d1121664f0,HighConflict,1,proved,unknown,disproved,2,0.42857142857142855,7,0.875,8,0.44642857142857145,0,0
ac252485b9867f4db31bc72ed3a01411,b65d1b09-f1bb-4052-a4ca-ad7d395e0f39,HighConflict,2,proved,unknown,disproved,1,0.8571428571428571,7,1.0,6,-0.1428571428571429,0,0
ac5bc06b9d62ca05882faa53ff4c2a2b,0556c5d3-82be-403f-bb84-0b00156242e9,HighConflict,2,proved,unknown,disproved,1,1.0,5,1.0,9,0.0,0,0
ac5bc06b9d62ca05882faa53ff4c2a2b,0df4fff6-dfed-4ce4-997e-69fd574e084d,HighConflict,1,proved,unknown,disproved,2,0.8333333333333334,6,1.0,10,0.16666666666666663,0,0
ac5bc06b9d62ca05882faa53ff4c2a2b,8ce3515d-076d-438d-a2d3-b94c4d1cd8d9,HighConflict,-1,proved,unknown,unknown,2,1.0,6,1.0,10,0.0,0,0
ad22ba1674c1c70c37240fff886e880d,061359f3-c652-4af3-a6cc-0c19df018eb7,HighConflict,-1,proved,unknown,unknown,2,0.75,8,1.0,7,0.25,0,0
ad22ba1674c1c70c37240fff886e880d,6facfccf-c428-4ce0-97ba-23b4abfcedfe,HighConflict,1,proved,unknown,disproved,2,0.875,8,1.0,6,0.125,0,0
ad22ba1674c1c70c37240fff886e880d,9e5af720-0c7c-4db2-83c0-5eb0d5196381,HighConflict,2,proved,unknown,disproved,1,1.0,4,0.9,10,0.09999999999999998,0,0
af507adf423e4f6687fcc0eae30df19f,3d1cc40c-c1db-4da9-9773-cb785e242a62,LowConflict,-1,disproved,disproved,proved,2,0.8333333333333334,6,1.0,6,0.16666666666666663,1,0
af507adf423e4f6687fcc0eae30df19f,9d1a65ac-01e1-4636-b3ab-8565a02b7cfb,LowConflict,1,disproved,disproved,unknown,2,0.8333333333333334,6,1.0,5,0.16666666666666663,1,0
af507adf423e4f6687fcc0eae30df19f,c8e8d050-3f35-49c0-a102-a61bed27390d,LowConflict,2,disproved,disproved,disproved,2,0.8333333333333334,6,1.0,6,0.16666666666666663,1,1
afc1363ea77602dc649cf358adac9a59,cc879b55-023a-4027-909f-4e9e3259f7ce,LowConflict,-1,proved,proved,unknown,2,1.0,6,1.0,6,0.0,1,0
afc1363ea77602dc649cf358adac9a59,e8944dc7-7064-464a-9831-56c2a6c93dc3,LowConflict,2,proved,proved,proved,2,1.0,5,1.0,6,0.0,1,1
afc1363ea77602dc649cf358adac9a59,eca5a9b4-1447-44ee-877b-2862e0653acc,LowConflict,1,proved,proved,disproved,2,1.0,6,1.0,4,0.0,1,0
bba98c2873d3bdf301e028f9df86eda9,6d4a0bb0-eed1-49cf-b57a-577271faf90d,HighConflict,2,unknown,unknown,unknown,2,0.875,8,1.0,4,0.125,1,1
bba98c2873d3bdf301e028f9df86eda9,9b3b2cbb-24f6-4fbd-b710-fd4920dc5c31,HighConflict,-1,unknown,unknown,disproved,2,1.0,6,1.0,6,0.0,1,0
bba98c2873d3bdf301e028f9df86eda9,a56b7ff1-1a50-43f2-a1b4-07ce7eacc1d9,HighConflict,1,unknown,unknown,unknown,1,0.875,8,1.0,11,-0.125,1,1
bbefdeb0c4de615da9b165d2c160a818,0c9fa248-2090-468e-ac39-458fa59d2403,HighConflict,-1,proved,proved,unknown,2,0.5,6,0.7,10,0.19999999999999996,1,0
bbefdeb0c4de615da9b165d2c160a818,3c7e86bb-10db-42d6-820c-0b6e03ce0154,HighConflict,1,proved,proved,proved,1,1.0,8,1.0,6,0.0,1,1
bbefdeb0c4de615da9b165d2c160a818,9bf4c9b9-ff02-48b1-8ddb-89f5753fa2ec,HighConflict,2,proved,proved,proved,2,1.0,6,1.0,9,0.0,1,1
bc56056b595b4d7381cb133fbcb0ce9b,31478045-12b7-4458-a65b-eb1f95a327a1,LowConflict,-1,disproved,unknown,proved,2,0.75,8,1.0,11,0.25,0,0
bc56056b595b4d7381cb133fbcb0ce9b,817989fb-c8bd-47c7-9a87-f99388275935,LowConflict,2,disproved,unknown,disproved,2,0.8333333333333334,6,1.0,6,0.16666666666666663,0,1
bc56056b595b4d7381cb133fbcb0ce9b,bd955b88-e071-4de7-99ee-4b8f9bd1705c,LowConflict,1,disproved,unknown,disproved,1,0.9,10,1.0,11,-0.09999999999999998,0,1
bccc6fc66c08f1d61545c53acb8a20a7,33fae681-9dfd-4986-b435-e516eeafbc14,HighConflict,-1,proved,proved,unknown,2,0.8333333333333334,6,1.0,5,0.16666666666666663,1,0
bccc6fc66c08f1d61545c53acb8a20a7,4e008bbf-dfad-4393-b885-50d9af33abf5,HighConflict,1,proved,proved,disproved,2,0.5454545454545454,11,0.7692307692307693,13,0.22377622377622386,1,0
bccc6fc66c08f1d61545c53acb8a20a7,ce068ad2-2732-46ea-90d6-9857480f2834,HighConflict,2,proved,proved,disproved,1,0.875,8,1.0,7,-0.125,1,0
c0a219ff710e288d89b770c95e13612b,012cfc5a-db23-4439-8eaf-6f4ebfe77bb3,LowConflict,1,proved,proved,disproved,2,1.0,7,1.0,6,0.0,1,0
c0a219ff710e288d89b770c95e13612b,3053a1cb-6f31-43e4-86fe-288f43624f84,LowConflict,-1,proved,proved,unknown,2,0.8333333333333334,6,1.0,6,0.16666666666666663,1,0
c0a219ff710e288d89b770c95e13612b,3364a840-f45d-453e-a41c-c5e37c8a0d89,LowConflict,2,proved,proved,proved,2,1.0,7,1.0,9,0.0,1,1
c247d28bdedf9d10a7fdb548601c5c3f,069c3a9c-7082-4b8a-8d2b-3c2dda453c03,LowConflict,2,proved,proved,proved,2,1.0,7,1.0,6,0.0,1,1
c247d28bdedf9d10a7fdb548601c5c3f,1cb1cddf-e541-47d8-a6af-229067b48fd0,LowConflict,1,proved,proved,proved,1,1.0,4,0.6666666666666666,6,0.33333333333333337,1,1
c247d28bdedf9d10a7fdb548601c5c3f,ca729f72-b451-4dfe-ab39-ed1e970a5cf0,LowConflict,-1,proved,proved,unknown,2,1.0,6,1.0,6,0.0,1,0
c4a98ac0e14a12d2a5e9b2dc665690fc,473bfe4e-59f4-4dbb-bf08-859b09c840d7,HighConflict,1,unknown,unknown,proved,2,1.0,4,1.0,5,0.0,1,0
c4a98ac0e14a12d2a5e9b2dc665690fc,c9b1312f-83cc-4161-9806-a21a08c338d8,HighConflict,2,unknown,unknown,unknown,2,1.0,6,0.7142857142857143,7,-0.2857142857142857,1,1
c4a98ac0e14a12d2a5e9b2dc665690fc,d2c90c83-415c-4b5a-963b-b102905de3ee,HighConflict,-1,unknown,unknown,disproved,2,1.0,3,0.8571428571428571,7,-0.1428571428571429,1,0
c5608d220836d96e64609d843f61f30c,0b8748d9-db0b-4fd6-99a9-3f3cb3e34f64,HighConflict,2,unknown,unknown,unknown,2,0.875,8,1.0,4,0.125,1,1
c5608d220836d96e64609d843f61f30c,38f38995-9bea-426b-9919-61c4d9ded6be,HighConflict,-1,unknown,unknown,disproved,2,1.0,7,0.8,5,-0.19999999999999996,1,0
c5608d220836d96e64609d843f61f30c,a8808e69-88ba-4e95-9dc3-470e3963664b,HighConflict,1,unknown,unknown,proved,2,0.7142857142857143,7,0.75,8,0.0357142857142857,1,0
c95517e7411df76a6c97a5c5307f4f23,285be585-ccd9-4e5d-9c65-2d7c7b98e53a,LowConflict,1,disproved,disproved,disproved,1,0.8888888888888888,9,1.0,6,-0.11111111111111116,1,1
c95517e7411df76a6c97a5c5307f4f23,3770e84c-e1d2-41ef-ad42-1f29b08980ea,LowConflict,2,disproved,disproved,disproved,2,0.8333333333333334,6,1.0,7,0.16666666666666663,1,1
c95517e7411df76a6c97a5c5307f4f23,a24b55ab-3438-4b5f-a0fd-774a0bf4c13f,LowConflict,-1,disproved,disproved,proved,2,0.8333333333333334,6,0.8571428571428571,7,0.023809523809523725,1,0
ca5c9b0cf7e35564f00ad8a1db3dfac6,5bd4de0a-ebf4-4813-b7d9-4a0e26744fed,HighConflict,1,unknown,unknown,unknown,1,1.0,6,1.0,4,0.0,1,1
ca5c9b0cf7e35564f00ad8a1db3dfac6,872ca7cd-bf22-474d-9cce-2e610256c5b7,HighConflict,2,unknown,unknown,unknown,2,0.8333333333333334,6,1.0,7,0.16666666666666663,1,1
ca5c9b0cf7e35564f00ad8a1db3dfac6,9682721e-90f5-402a-9a68-cbe3ac54477d,HighConflict,-1,unknown,unknown,disproved,2,1.0,5,0.8571428571428571,7,-0.1428571428571429,1,0
cc30a2570cb8a12ccc629c3c3f94a6c3,8403e0b2-9d82-42e5-990a-0e0f08aca1e4,HighConflict,2,proved,proved,disproved,1,0.7142857142857143,7,1.0,9,-0.2857142857142857,1,0
cc30a2570cb8a12ccc629c3c3f94a6c3,ad28ceb6-11eb-4272-bad7-33b12eb00f02,HighConflict,1,proved,proved,disproved,2,1.0,9,1.0,7,0.0,1,0
cc30a2570cb8a12ccc629c3c3f94a6c3,f54b0a50-3208-4439-9188-14c8df5704bb,HighConflict,-1,proved,proved,unknown,2,1.0,7,1.0,8,0.0,1,0
ccb0b3bd3de02d4db5f619d8eccf3649,30d6a45e-4d7d-49be-8782-7124414f131d,LowConflict,1,unknown,unknown,unknown,1,1.0,4,1.0,3,0.0,1,1
ccb0b3bd3de02d4db5f619d8eccf3649,31cf1028-5542-4f91-a34a-50c3c073fec2,LowConflict,-1,unknown,unknown,disproved,2,0.8333333333333334,6,1.0,6,0.16666666666666663,1,0
ccb0b3bd3de02d4db5f619d8eccf3649,78f798e0-dbb7-40c4-b87a-693acd61779b,LowConflict,2,unknown,unknown,unknown,2,1.0,3,1.0,4,0.0,1,1
d32aeca05cc4b93ed9e8f1812b1156b6,26a9d28d-0336-4afd-b938-4a25fe0720e5,HighConflict,2,disproved,disproved,unknown,1,0.2857142857142857,7,0.3333333333333333,6,-0.047619047619047616,1,0
d32aeca05cc4b93ed9e8f1812b1156b6,7f08e3d7-f786-4b73-ac4b-c10b7fedc0df,HighConflict,1,disproved,disproved,unknown,2,0.5,8,1.0,6,0.5,1,0
d32aeca05cc4b93ed9e8f1812b1156b6,942efd85-cf63-45f5-9312-ec26004a480c,HighConflict,-1,disproved,disproved,unknown,1,0.0,4,0.8333333333333334,6,-0.8333333333333334,1,0
d49c88a215021df70dafb455b0d8a49b,81b3f059-75f0-4876-8ff6-cfafd5e09fdc,HighConflict,-1,disproved,disproved,proved,2,0.42857142857142855,7,0.625,8,0.19642857142857145,1,0
d49c88a215021df70dafb455b0d8a49b,9f3b7fa5-caa6-4a18-aa8a-18537f6c6246,HighConflict,1,disproved,disproved,unknown,2,0.75,12,0.8333333333333334,12,0.08333333333333337,1,0
d49c88a215021df70dafb455b0d8a49b,ac54536c-52d8-42b9-b48f-49560c333492,HighConflict,2,disproved,disproved,unknown,1,0.6,5,1.0,7,-0.4,1,0
d4b3bfc7adef744599f9c1a2fb276453,1efc303e-2ccc-458e-b7e7-fe2909d930bb,HighConflict,2,disproved,unknown,disproved,2,0.5714285714285714,7,0.8333333333333334,6,0.261904761904762,0,1
d4b3bfc7adef744599f9c1a2fb276453,6aca78fb-9221-4ff2-a73b-aef192ba54d5,HighConflict,-1,disproved,unknown,proved,2,0.0,9,0.7777777777777778,9,0.7777777777777778,0,0
d4b3bfc7adef744599f9c1a2fb276453,e429e23e-a249-4c12-95fd-118e28c689d9,HighConflict,1,disproved,unknown,unknown,2,0.8333333333333334,6,1.0,6,0.16666666666666663,0,0
d6682cea7cfa34c45622bc6ff81810b7,50ddd259-a1d5-4ff5-a5bf-4913a1f16a88,HighConflict,-1,unknown,unknown,disproved,2,0.8,5,1.0,8,0.19999999999999996,1,0
d6682cea7cfa34c45622bc6ff81810b7,8f1a2b9b-d79f-43e2-9082-7c53f294554c,HighConflict,1,unknown,unknown,unknown,1,1.0,8,1.0,6,0.0,1,1
d6682cea7cfa34c45622bc6ff81810b7,ec4b91a9-3295-4c88-b98c-3e9a2a82c7db,HighConflict,2,unknown,unknown,unknown,2,0.8571428571428571,7,1.0,8,0.1428571428571429,1,1
d859cf431a257c1791071e4715c894d1,3ad7c069-5587-4627-84b6-6f22fe674023,HighConflict,-1,disproved,disproved,proved,2,0.8,10,1.0,6,0.19999999999999996,1,0
d859cf431a257c1791071e4715c894d1,418067f9-3c29-4579-8a0e-9212e1a0def5,HighConflict,2,disproved,disproved,disproved,2,1.0,7,1.0,5,0.0,1,1
d859cf431a257c1791071e4715c894d1,f97b3767-17f5-4d09-8917-400322cd06c1,HighConflict,1,disproved,disproved,unknown,2,0.8571428571428571,7,1.0,10,0.1428571428571429,1,0
d9758623a5a0276d346c22b6941ecfd7,20004dd4-8f7f-48da-b90f-465d3aba3cb5,HighConflict,1,disproved,disproved,unknown,2,0.5714285714285714,7,0.5714285714285714,7,0.0,1,0
d9758623a5a0276d346c22b6941ecfd7,a7eae374-e82e-45f7-8ace-10e006fff37e,HighConflict,2,disproved,disproved,unknown,1,0.0,6,0.0,9,0.0,1,0
d9758623a5a0276d346c22b6941ecfd7,a8b9748a-16e3-4535-8c76-38d93fb52a1c,HighConflict,-1,disproved,disproved,unknown,1,0.0,5,0.0,9,0.0,1,0
da389cc894015ed6374554c62b334646,9c36e4b5-d5b1-4fba-9c64-ffc6b1fce860,HighConflict,2,proved,unknown,proved,2,1.0,5,1.0,8,0.0,0,1
da389cc894015ed6374554c62b334646,a73796b8-3145-40c9-b9e3-bc3f01f98d6d,HighConflict,1,proved,unknown,disproved,2,1.0,6,1.0,7,0.0,0,0
da389cc894015ed6374554c62b334646,a92219ac-6abf-4548-9980-4ac0b5ac08b0,HighConflict,-1,proved,unknown,unknown,2,1.0,4,1.0,5,0.0,0,0
da8c8bbe83ac50741708eac9961918ac,4034ade4-8648-48b0-b3a1-eb507812098b,LowConflict,2,unknown,disproved,unknown,2,0.75,4,0.8571428571428571,7,0.1071428571428571,0,1
da8c8bbe83ac50741708eac9961918ac,6f6e548b-e6da-4f35-bcb8-962b26dfd3f7,LowConflict,1,unknown,disproved,unknown,1,1.0,4,1.0,4,0.0,0,1
da8c8bbe83ac50741708eac9961918ac,b1682757-2032-4103-83f8-783332a64281,LowConflict,-1,unknown,disproved,disproved,2,0.5,6,0.5714285714285714,7,0.0714285714285714,0,0
dcdfb70cf892882bdbf9ad530a6b913d,0199c6aa-6eef-48aa-b626-396b8d79bde9,LowConflict,-1,disproved,disproved,unknown,1,0.8333333333333334,6,1.0,9,-0.16666666666666663,1,0
dcdfb70cf892882bdbf9ad530a6b913d,a45ca579-eb8c-4094-9410-c03aa8e0d5d3,LowConflict,2,disproved,disproved,unknown,1,0.8,5,1.0,4,-0.19999999999999996,1,0
dcdfb70cf892882bdbf9ad530a6b913d,f46dd345-16c7-400d-8a1a-75054ca5adc9,LowConflict,1,disproved,disproved,unknown,2,1.0,6,1.0,3,0.0,1,0
df79187fc8ed13e1a6ad2c25aae44816,5e77532b-b18f-43f1-afae-f2bd0d41f739,HighConflict,-1,proved,unknown,unknown,2,1.0,4,1.0,5,0.0,0,0
df79187fc8ed13e1a6ad2c25aae44816,72f6b820-ac3f-4065-9205-e2ac25061e8b,HighConflict,1,proved,unknown,proved,1,0.75,8,1.0,7,-0.25,0,1
df79187fc8ed13e1a6ad2c25aae44816,a29cf209-9db0-4f1f-bbf3-cf774975be26,HighConflict,2,proved,unknown,proved,2,0.875,8,1.0,7,0.125,0,1
e29cad2cf40000a6a8bcaa1929c70d67,548c163b-d75d-4c33-989b-5c68cd6555cf,LowConflict,-1,unknown,unknown,disproved,2,0.8,10,1.0,10,0.19999999999999996,1,0
e29cad2cf40000a6a8bcaa1929c70d67,5dc6cd0d-a915-4ac7-aaf4-a9ca7f5864ca,LowConflict,2,unknown,unknown,unknown,2,1.0,7,1.0,6,0.0,1,1
e29cad2cf40000a6a8bcaa1929c70d67,ea2ec4da-fd31-4c32-a7d5-894fabdd0aa4,LowConflict,1,unknown,unknown,unknown,1,0.8571428571428571,7,1.0,8,-0.1428571428571429,1,1
e4555b2283690cb02fbab0e86fc34de5,068ac645-5731-4227-82c1-a05f3f59f162,LowConflict,-1,proved,proved,unknown,2,1.0,5,1.0,6,0.0,1,0
e4555b2283690cb02fbab0e86fc34de5,5e8985d6-0de6-47d6-8009-d0e183d2416a,LowConflict,2,proved,proved,disproved,1,1.0,5,1.0,6,0.0,1,0
e4555b2283690cb02fbab0e86fc34de5,79e8376e-545c-4749-bf3a-8463db8047dc,LowConflict,1,proved,proved,disproved,2,1.0,10,1.0,9,0.0,1,0
e9233cdd962d02121ce91756c1fdc102,4b8a369e-eece-470a-a5f7-5f959266ba85,LowConflict,-1,unknown,unknown,disproved,2,0.0,8,0.0,6,0.0,1,0
e9233cdd962d02121ce91756c1fdc102,5722d46c-86ef-41a5-bdd0-ebc820ac9121,LowConflict,2,unknown,unknown,unknown,2,1.0,5,1.0,5,0.0,1,1
e9233cdd962d02121ce91756c1fdc102,6ac8154c-5281-4f66-85bb-f592d77b9576,LowConflict,1,unknown,unknown,unknown,1,0.0,6,0.42857142857142855,7,-0.42857142857142855,1,1
eced42550a1f6fa49707c6e533fe0d44,3f793ccb-10e5-460e-bdd6-0856e95e4593,LowConflict,1,unknown,unknown,unknown,1,0.4,5,1.0,7,-0.6,1,1
eced42550a1f6fa49707c6e533fe0d44,9a476560-5af4-467c-b7c5-6833ba415d90,LowConflict,-1,unknown,unknown,disproved,2,1.0,6,1.0,9,0.0,1,0
eced42550a1f6fa49707c6e533fe0d44,a24a3e7c-d8ad-4137-ac73-f6b671e6ff5b,LowConflict,2,unknown,unknown,unknown,2,0.9,10,1.0,11,0.09999999999999998,1,1
ed2616f8993c5d6a9cab30af301f9846,2d16718b-b587-42dd-83e3-ec8c64b9345c,LowConflict,-1,disproved,disproved,unknown,1,0.42857142857142855,7,0.5555555555555556,9,-0.12698412698412703,1,0
ed2616f8993c5d6a9cab30af301f9846,d02f56f2-b19a-46a6-b3c1-3c9da4df48e2,LowConflict,1,disproved,disproved,unknown,2,0.7333333333333333,15,0.9090909090909091,11,0.17575757575757578,1,0
ed2616f8993c5d6a9cab30af301f9846,fd3d8ebb-78d8-432b-8313-5a7bd7a0906c,LowConflict,2,disproved,disproved,disproved,2,0.0,7,0.5,10,0.5,1,1
edfdb1b465582d51190f912cfb1809d7,5af61dee-adb4-404f-820c-8fc8f9686d2a,LowConflict,1,unknown,unknown,unknown,1,0.75,8,1.0,7,-0.25,1,1
edfdb1b465582d51190f912cfb1809d7,820b3559-d17b-4df3-b94e-506aa4829fa7,LowConflict,2,unknown,unknown,unknown,2,0.0,6,0.8,10,0.8,1,1
edfdb1b465582d51190f912cfb1809d7,9aad6b46-20da-440d-be6c-4960294559b2,LowConflict,-1,unknown,unknown,disproved,2,1.0,6,1.0,8,0.0,1,0
efbc8c9333df21d03bf09b586bcf6ddf,2769af85-3dd7-49d0-abce-653bc757a8c4,HighConflict,-1,unknown,disproved,disproved,2,0.9,10,1.0,8,0.09999999999999998,0,0
efbc8c9333df21d03bf09b586bcf6ddf,5a92f313-ff6f-4507-95d9-5a26c4810142,HighConflict,2,unknown,disproved,unknown,2,0.6,5,0.8333333333333334,6,0.2333333333333334,0,1
efbc8c9333df21d03bf09b586bcf6ddf,9e4c79d0-d5d8-4f25-b35d-f28f5225363b,HighConflict,1,unknown,disproved,unknown,1,0.0,5,0.0,9,0.0,0,1
