scenario_id,record_id,level,correct_debater_pos,label,baseline,judge,chosen_debater,a_quote_acc,a_quote_num,b_quote_acc,b_quote_num,chosen_debater_quote_acc_diff
017b322cf0dd120cab08cf4060708b61,18350e56-b7af-4e0a-9c93-bf51c6b6bef3,HighConflict,-1,proved,unknown,unknown,2,1.0,9,1.0,7,0.0
017b322cf0dd120cab08cf4060708b61,d3bb8c22-ebe0-4779-b4f6-1a5eb3528b30,HighConflict,1,proved,unknown,disproved,2,1.0,9,1.0,7,0.0
017b322cf0dd120cab08cf4060708b61,d550e8f6-164f-4a93-a021-08d33623c692,HighConflict,2,proved,unknown,disproved,1,1.0,6,0.9,10,0.09999999999999998
01e8feaa80c08cd2188a9ab3e1b8be5e,2d4d6117-572d-478f-a3ff-d426f5320e34,LowConflict,2,disproved,disproved,unknown,1,1.0,10,1.0,9,0.0
01e8feaa80c08cd2188a9ab3e1b8be5e,afa483cd-73e5-4935-b24b-da89aab007aa,LowConflict,-1,disproved,disproved,unknown,1,0.8571428571428571,7,1.0,10,-0.1428571428571429
01e8feaa80c08cd2188a9ab3e1b8be5e,ce91c730-21a2-4d64-bca7-5c0165fb80b5,LowConflict,1,disproved,disproved,unknown,2,1.0,9,1.0,8,0.0
01eac4dc70fa41d7dbf22506ad98c6e6,596d4cab-3b28-4fbf-ba0e-b9659fb7aeb1,HighConflict,-1,disproved,disproved,proved,2,1.0,11,1.0,14,0.0
01eac4dc70fa41d7dbf22506ad98c6e6,83511b56-c7de-48e9-9ffc-37a0184862ee,HighConflict,1,disproved,disproved,unknown,2,1.0,12,1.0,10,0.0
01eac4dc70fa41d7dbf22506ad98c6e6,cc276e1e-4888-4d17-a226-ddef4feb79d5,HighConflict,2,disproved,disproved,disproved,2,1.0,10,1.0,11,0.0
02106ed085ef5014c3f821d9a75c642d,4abe1ca2-1ef5-41ca-a6e3-8b437d75eda5,HighConflict,-1,unknown,unknown,disproved,2,1.0,6,1.0,9,0.0
02106ed085ef5014c3f821d9a75c642d,86cfaef8-27d3-4fbf-8742-c6f0dcf11095,HighConflict,2,unknown,unknown,unknown,2,1.0,9,1.0,7,0.0
02106ed085ef5014c3f821d9a75c642d,bc9da050-db4c-41d4-a83f-ffb04e679da7,HighConflict,1,unknown,unknown,unknown,1,1.0,10,1.0,11,0.0
024b542969feca60a0fc0b44d64bd142,4899dbd8-95bb-4c3a-a935-5ab374e5f1dc,LowConflict,-1,proved,unknown,unknown,2,1.0,9,1.0,8,0.0
024b542969feca60a0fc0b44d64bd142,82ff0ccb-27b4-4887-94cd-b33c7edbc3a0,LowConflict,2,proved,unknown,disproved,1,1.0,11,1.0,14,0.0
024b542969feca60a0fc0b44d64bd142,98e4dcb1-0afb-4fdd-929e-16d65e3b7481,LowConflict,1,proved,unknown,disproved,2,1.0,11,1.0,7,0.0
025e92f948c1abcea69ab4073b30e937,1f07cd82-3d77-4b0b-a0ed-60d01b574b1a,HighConflict,2,disproved,unknown,unknown,1,1.0,8,1.0,8,0.0
025e92f948c1abcea69ab4073b30e937,70aacb5f-620d-46e5-a5f4-bfc4425a0dd4,HighConflict,-1,disproved,unknown,unknown,1,0.8333333333333334,6,0.6666666666666666,9,0.16666666666666674
025e92f948c1abcea69ab4073b30e937,bf961be8-6236-41c7-9998-1a0052d76649,HighConflict,1,disproved,unknown,unknown,2,0.9333333333333333,15,0.8888888888888888,9,-0.04444444444444451
081e8db52b7a0694d3c47ec76d1296f7,248f2bdd-1e14-4da3-9620-77aea9b475ee,LowConflict,-1,disproved,proved,proved,2,0.875,8,1.0,11,0.125
081e8db52b7a0694d3c47ec76d1296f7,487e2c45-9455-40dc-9198-f0c3a61a1d4a,LowConflict,2,disproved,proved,disproved,2,0.9,10,1.0,12,0.09999999999999998
081e8db52b7a0694d3c47ec76d1296f7,e04a4950-71ea-4c0b-b7fe-ac70b72c1836,LowConflict,1,disproved,proved,unknown,2,1.0,12,1.0,6,0.0
09000c3d82cda08090f3527f6ace6ce4,47ad837c-b573-437b-a3b5-e37a72b826fe,LowConflict,2,disproved,disproved,disproved,2,1.0,7,1.0,7,0.0
09000c3d82cda08090f3527f6ace6ce4,54d415eb-aede-4a87-ba75-8acac9f99cd8,LowConflict,1,disproved,disproved,unknown,2,0.9166666666666666,12,0.9,10,-0.016666666666666607
09000c3d82cda08090f3527f6ace6ce4,b260ebdf-f4f1-4485-b46e-c48674d1f91f,LowConflict,-1,disproved,disproved,proved,2,0.8571428571428571,7,0.9090909090909091,11,0.051948051948051965
0b9a9bc2660efcff116776f25a2b14b6,76497a52-ecba-403f-91ce-b88d98df785a,LowConflict,-1,proved,proved,unknown,2,1.0,11,1.0,7,0.0
0b9a9bc2660efcff116776f25a2b14b6,833ac2a1-c8ae-4db3-8146-ccdecf3fb4e3,LowConflict,2,proved,proved,proved,2,0.8888888888888888,9,1.0,8,0.11111111111111116
0b9a9bc2660efcff116776f25a2b14b6,aa2e4e01-5330-473f-9ba3-5c4edef62403,LowConflict,1,proved,proved,proved,1,1.0,10,1.0,11,0.0
0dcab2c314a4687f27614fb236d11fbc,1a41767e-2fa0-46bb-ad2d-d0fea8ac04fa,HighConflict,1,proved,proved,proved,1,1.0,8,1.0,11,0.0
0dcab2c314a4687f27614fb236d11fbc,9c227d23-6c49-49bb-86c7-ca0b62475178,HighConflict,-1,proved,proved,unknown,2,1.0,9,1.0,7,0.0
0dcab2c314a4687f27614fb236d11fbc,c99b9858-0210-4308-ab0e-574c34b7e40e,HighConflict,2,proved,proved,proved,2,1.0,9,1.0,11,0.0
0f72d2ac8542323babccd7fdb6584841,8f5eb048-a57d-4d53-adc7-6dc5eb8ce2cf,LowConflict,1,proved,proved,disproved,2,1.0,9,1.0,7,0.0
0f72d2ac8542323babccd7fdb6584841,bb665264-65d9-4d45-84e8-2a3caa18ef45,LowConflict,-1,proved,proved,unknown,2,1.0,7,0.8,5,-0.19999999999999996
0f72d2ac8542323babccd7fdb6584841,ecf549b7-8989-4ee3-bebb-4bddbb6193be,LowConflict,2,proved,proved,proved,2,1.0,8,1.0,9,0.0
105ddb560aecf4105e9273cd7665105c,1685f8c7-245f-4353-b706-377905f25cc3,LowConflict,1,disproved,disproved,unknown,2,1.0,11,1.0,6,0.0
105ddb560aecf4105e9273cd7665105c,6a42ba3e-4960-483c-89a7-e3a0d4fb345d,LowConflict,-1,disproved,disproved,proved,2,1.0,6,1.0,12,0.0
105ddb560aecf4105e9273cd7665105c,a78a2554-cf40-469b-aac3-e63ad7452f16,LowConflict,2,disproved,disproved,disproved,2,1.0,7,1.0,11,0.0
106e879bddbb0e7c033248c211807728,2e07ac19-3a6d-481e-a971-1cebeb4c9f61,HighConflict,2,disproved,unknown,unknown,1,1.0,9,1.0,10,0.0
106e879bddbb0e7c033248c211807728,61c0caf1-83ee-40f7-b201-5898c63b8c03,HighConflict,-1,disproved,unknown,unknown,1,1.0,10,1.0,11,0.0
106e879bddbb0e7c033248c211807728,9a3e8c95-3b15-44ca-b65d-9d4c9ed60dec,HighConflict,1,disproved,unknown,unknown,2,0.9090909090909091,11,1.0,8,0.09090909090909094
1227d9d1547da329a6f425b42f2aaccc,4d392408-9d70-4d05-9c52-18773345c7d3,LowConflict,2,proved,proved,proved,2,0.9230769230769231,13,1.0,15,0.07692307692307687
1227d9d1547da329a6f425b42f2aaccc,4f137bd8-3ad9-471b-8c28-8a8e54255346,LowConflict,1,proved,proved,proved,1,1.0,12,1.0,7,0.0
1227d9d1547da329a6f425b42f2aaccc,b637366b-42d5-4765-8ab1-274e9e0f528a,LowConflict,-1,proved,proved,unknown,2,1.0,9,1.0,7,0.0
12782109a182db9479213fbb87c7d76b,56c2676e-237c-425b-afc2-bf8a0b85bea7,LowConflict,-1,disproved,disproved,unknown,1,1.0,10,0.8571428571428571,7,0.1428571428571429
12782109a182db9479213fbb87c7d76b,6679a161-54af-4fc1-978a-e3f25895db8a,LowConflict,2,disproved,disproved,unknown,1,1.0,9,1.0,10,0.0
12782109a182db9479213fbb87c7d76b,85e1e833-6092-4137-82e2-196729ba8a2d,LowConflict,1,disproved,disproved,unknown,2,1.0,9,1.0,7,0.0
16ac3e4888cba4553fc8aaaf002e1fb0,9ec11edc-656e-4571-9f42-601748721653,HighConflict,1,disproved,disproved,unknown,2,1.0,10,1.0,10,0.0
16ac3e4888cba4553fc8aaaf002e1fb0,aec81c49-b13e-47ce-bf13-6c784c69c53c,HighConflict,2,disproved,disproved,disproved,2,1.0,8,1.0,10,0.0
16ac3e4888cba4553fc8aaaf002e1fb0,d2dda267-9f6c-4e2b-9a3d-564d3cf539f3,HighConflict,-1,disproved,disproved,unknown,1,0.875,8,1.0,14,-0.125
16e13776585805a49351a10d648b68e8,054f656e-a695-4eac-a77a-4df0390dcd6a,HighConflict,-1,unknown,unknown,disproved,2,1.0,15,1.0,13,0.0
16e13776585805a49351a10d648b68e8,10e83bdc-4f1e-443a-9bfa-83059d9d6855,HighConflict,1,unknown,unknown,unknown,1,1.0,7,1.0,8,0.0
16e13776585805a49351a10d648b68e8,ccff646f-4cc0-475c-8997-90025e024666,HighConflict,2,unknown,unknown,unknown,2,0.9166666666666666,12,1.0,8,0.08333333333333337
171db21f351a533f5a4c7462e609f800,6f5db03f-5365-40d9-99f6-8ca756e26472,LowConflict,-1,unknown,unknown,disproved,2,1.0,8,1.0,6,0.0
171db21f351a533f5a4c7462e609f800,7ac82796-b817-4194-94ba-3d1b58715f3d,LowConflict,1,unknown,unknown,unknown,1,1.0,7,0.8888888888888888,9,0.11111111111111116
171db21f351a533f5a4c7462e609f800,f12c66b0-9946-4604-886d-106c15eaa068,LowConflict,2,unknown,unknown,unknown,2,1.0,9,1.0,6,0.0
17a0056dca1c149926d7b7c81790c83b,48de9787-b708-423c-b7d6-84c05d34a053,HighConflict,-1,unknown,unknown,disproved,2,0.8888888888888888,9,1.0,9,0.11111111111111116
17a0056dca1c149926d7b7c81790c83b,e9fc544a-603d-49db-a5cb-1afe11dfffb2,HighConflict,1,unknown,unknown,unknown,1,1.0,11,1.0,12,0.0
17a0056dca1c149926d7b7c81790c83b,f8ab5c63-37d5-4026-a4f8-b71553031b4f,HighConflict,2,unknown,unknown,unknown,2,1.0,10,1.0,9,0.0
1812528715cc1820459982a7a24573be,1d186b5e-4fa8-40e0-a780-35b3712b9df9,HighConflict,-1,unknown,disproved,disproved,2,1.0,9,1.0,8,0.0
1812528715cc1820459982a7a24573be,a8d9bca4-4ae0-4845-8aa4-41ade24b27a5,HighConflict,2,unknown,disproved,unknown,2,1.0,11,1.0,11,0.0
1812528715cc1820459982a7a24573be,bfd426d7-107c-40c4-b8f6-dbe8591cca0f,HighConflict,1,unknown,disproved,proved,2,1.0,11,1.0,8,0.0
194489bda5e7bc6ebf0d9dd5104e6f46,9d7456e7-a0cb-4050-a8a7-00a70fb89a4e,HighConflict,2,unknown,unknown,unknown,2,1.0,6,1.0,7,0.0
194489bda5e7bc6ebf0d9dd5104e6f46,a5c288a6-deca-4be7-b16b-1593c6ccf9cd,HighConflict,-1,unknown,unknown,disproved,2,1.0,8,1.0,6,0.0
194489bda5e7bc6ebf0d9dd5104e6f46,c089c603-34a9-42b3-a3f0-813b4b55a62b,HighConflict,1,unknown,unknown,proved,2,1.0,7,1.0,9,0.0
1ae7247a0aabef31ba24cb070a90ddf5,c71042ea-6905-4673-9ead-2fab751d655e,LowConflict,1,proved,proved,disproved,2,1.0,8,1.0,6,0.0
1ae7247a0aabef31ba24cb070a90ddf5,d1576a97-edf9-499a-a644-7773ac6c5281,LowConflict,-1,proved,proved,unknown,2,1.0,8,1.0,9,0.0
1ae7247a0aabef31ba24cb070a90ddf5,d80b21c0-17bf-49cd-959b-6849debc06d0,LowConflict,2,proved,proved,proved,2,1.0,9,1.0,9,0.0
1d4808a2e9cc8e65ac1bd0d00aee5ef3,3b9260e5-2496-4041-be07-036d1b6873ff,LowConflict,-1,unknown,unknown,disproved,2,1.0,10,1.0,9,0.0
1d4808a2e9cc8e65ac1bd0d00aee5ef3,5f0e550e-7f8b-4905-836a-add73dc565c3,LowConflict,2,unknown,unknown,unknown,2,1.0,9,1.0,9,0.0
1d4808a2e9cc8e65ac1bd0d00aee5ef3,8b4ab401-f90b-4394-8d98-b062c1cde3c7,LowConflict,1,unknown,unknown,unknown,1,1.0,8,1.0,9,0.0
1e408d6870809ff22b026b364aae6180,00ea3126-ba72-4d2e-89f3-507692e4c403,LowConflict,1,unknown,unknown,unknown,1,1.0,7,1.0,9,0.0
1e408d6870809ff22b026b364aae6180,7545e8c3-d538-4225-9709-289ad97be50c,LowConflict,2,unknown,unknown,unknown,2,1.0,12,1.0,8,0.0
1e408d6870809ff22b026b364aae6180,82631109-a546-4c51-8e91-e003e064921e,LowConflict,-1,unknown,unknown,disproved,2,1.0,15,1.0,12,0.0
21b89354da7cc3970dac9c165733ce85,9f315123-d335-41b0-8946-24ab0a55b9a5,LowConflict,1,disproved,disproved,unknown,2,0.9285714285714286,14,0.9,10,-0.02857142857142858
21b89354da7cc3970dac9c165733ce85,e2a3d67b-5b78-4c0c-a361-41f228764dde,LowConflict,2,disproved,disproved,disproved,2,0.7777777777777778,9,1.0,12,0.2222222222222222
21b89354da7cc3970dac9c165733ce85,fd18e4ee-59fd-4f43-b4d4-1fad2282ba43,LowConflict,-1,disproved,disproved,unknown,1,1.0,9,1.0,16,0.0
270ebe7cc7f0d02bd162b4b586fe4642,146eb504-a042-4075-986f-deba0b36e652,HighConflict,-1,proved,proved,unknown,2,1.0,7,1.0,6,0.0
270ebe7cc7f0d02bd162b4b586fe4642,6af4b473-3bc8-4e76-9490-4c38360248e9,HighConflict,2,proved,proved,proved,2,1.0,8,1.0,12,0.0
270ebe7cc7f0d02bd162b4b586fe4642,8391a23c-4cb5-4ed4-b352-a2163d172f0b,HighConflict,1,proved,proved,proved,1,0.9230769230769231,13,1.0,9,-0.07692307692307687
27a25c5e5e342808bd10e61b7ae44a8b,66d7caab-ba14-4ae0-80ba-1311b892f2ef,HighConflict,-1,disproved,unknown,unknown,1,1.0,9,1.0,9,0.0
27a25c5e5e342808bd10e61b7ae44a8b,c34b52d3-ff05-4a6f-a461-32b5ef852dbb,HighConflict,1,disproved,unknown,unknown,2,1.0,12,0.9,10,-0.09999999999999998
27a25c5e5e342808bd10e61b7ae44a8b,cca84149-e8e5-4987-9a0c-6647ba49fcf8,HighConflict,2,disproved,unknown,disproved,2,1.0,13,1.0,12,0.0
2a3fd7fc41048b87ae847b1c2b213eaa,47ca6004-2d21-413b-b9f8-33ff63c7f106,LowConflict,2,unknown,unknown,unknown,2,1.0,6,1.0,7,0.0
2a3fd7fc41048b87ae847b1c2b213eaa,c31177ed-cf54-4b05-8fd3-823d6efb89de,LowConflict,-1,unknown,unknown,disproved,2,1.0,5,1.0,8,0.0
2a3fd7fc41048b87ae847b1c2b213eaa,fc70fc92-e24d-4056-9e0a-a0a16a5348b7,LowConflict,1,unknown,unknown,unknown,1,1.0,7,1.0,4,0.0
2bd4932b187569624d845c3f5215b86d,30ab739e-f3b5-4290-ac36-baa2b8963b8b,LowConflict,2,proved,proved,disproved,1,1.0,8,1.0,10,0.0
2bd4932b187569624d845c3f5215b86d,cd6ed9a5-7c50-43db-b17b-da2f5087de12,LowConflict,1,proved,proved,proved,1,1.0,8,1.0,4,0.0
2bd4932b187569624d845c3f5215b86d,fa108f05-d965-431d-9149-d7604df8135c,LowConflict,-1,proved,proved,unknown,2,1.0,9,1.0,6,0.0
2c31e5f69d3012a005fccd95b8b11149,84b50e66-2fc9-42a6-a42b-e3de24bb1d60,LowConflict,-1,unknown,disproved,disproved,2,1.0,9,1.0,6,0.0
2c31e5f69d3012a005fccd95b8b11149,b4b10970-3eac-4ee3-ade9-32110d698de4,LowConflict,1,unknown,disproved,unknown,1,1.0,5,1.0,6,0.0
2c31e5f69d3012a005fccd95b8b11149,b5119936-84c3-4961-9e66-a3be3daacf6a,LowConflict,2,unknown,disproved,unknown,2,1.0,9,1.0,9,0.0
2d5795e57ded035e4358dbf645b410f2,0a59b59c-b9ac-442e-a26a-2da090786d93,HighConflict,2,unknown,disproved,unknown,2,0.8333333333333334,12,1.0,9,0.16666666666666663
2d5795e57ded035e4358dbf645b410f2,97a712b2-9bd9-4994-9088-3381d7a4b11f,HighConflict,-1,unknown,disproved,disproved,2,1.0,10,1.0,7,0.0
2d5795e57ded035e4358dbf645b410f2,c54ad223-1cfa-498a-8efe-f5a3c6f9e9ff,HighConflict,1,unknown,disproved,proved,2,1.0,8,1.0,14,0.0
30a5bb0b24b1379dfba544f7550f7708,41a9ac04-0533-40af-8716-d281abfaae49,LowConflict,1,disproved,disproved,unknown,2,1.0,9,1.0,4,0.0
30a5bb0b24b1379dfba544f7550f7708,b50124e0-ded5-4beb-bb0a-6d2dfdd8c1b0,LowConflict,2,disproved,disproved,disproved,2,1.0,5,1.0,9,0.0
30a5bb0b24b1379dfba544f7550f7708,c61c2d48-c9a6-4b74-aa4f-cc1a2df8297c,LowConflict,-1,disproved,disproved,proved,2,1.0,5,1.0,9,0.0
31a5fb033e3a94c36012fd25349c5cdf,06115444-5fdc-4aa2-b830-ca478b2f068e,HighConflict,1,proved,unknown,disproved,2,1.0,9,1.0,9,0.0
31a5fb033e3a94c36012fd25349c5cdf,21f0b146-92b8-4c7e-a03b-272ff56bbdb9,HighConflict,2,proved,unknown,proved,2,1.0,9,1.0,13,0.0
31a5fb033e3a94c36012fd25349c5cdf,7ec8b5b2-ef8f-49cb-933b-f2beedc05850,HighConflict,-1,proved,unknown,unknown,2,1.0,8,1.0,9,0.0
345fa63dd6ca042883f1e780b60eb1af,1134bdbf-1398-437c-87ef-617be5509dc9,HighConflict,1,unknown,unknown,unknown,1,1.0,8,0.9166666666666666,12,0.08333333333333337
345fa63dd6ca042883f1e780b60eb1af,aed4cd85-888f-4144-b268-0c12da3fdf43,HighConflict,-1,unknown,unknown,disproved,2,0.9,10,1.0,7,0.09999999999999998
345fa63dd6ca042883f1e780b60eb1af,d63e6bad-fd70-46de-a2c1-d7cb04ad4d2d,HighConflict,2,unknown,unknown,unknown,2,1.0,10,1.0,6,0.0
3581a1dccca6b59d5189dce5f56bea24,120224f8-78c3-4955-8051-6c1f12a9968a,LowConflict,-1,proved,proved,disproved,1,1.0,9,1.0,8,0.0
3581a1dccca6b59d5189dce5f56bea24,4e062649-2b5c-4ae3-9cb4-c505b4d2e9f7,LowConflict,2,proved,proved,disproved,1,0.8888888888888888,9,1.0,10,-0.11111111111111116
3581a1dccca6b59d5189dce5f56bea24,f217faa0-8619-4c5a-abfd-bbd440ff6d75,LowConflict,1,proved,proved,proved,1,1.0,10,1.0,10,0.0
397c9838fc6b68f20b92263cb3e3ab7a,1952ec02-569f-4c6e-b53c-be3e4a971f7f,LowConflict,-1,disproved,disproved,unknown,1,1.0,6,1.0,2,0.0
397c9838fc6b68f20b92263cb3e3ab7a,b95eec26-8a11-4868-a736-86895b77493a,LowConflict,2,disproved,disproved,disproved,2,1.0,7,1.0,6,0.0
397c9838fc6b68f20b92263cb3e3ab7a,f7b330b9-128c-4163-9d78-0f9093724ce4,LowConflict,1,disproved,disproved,disproved,1,1.0,4,1.0,4,0.0
3a3fe53c6b2f41e15f0a26633258a3fb,84b7824e-6324-4144-8799-9edb6f4b3ccc,HighConflict,2,proved,disproved,disproved,1,1.0,11,1.0,5,0.0
3a3fe53c6b2f41e15f0a26633258a3fb,b4eee7ee-2c1c-40ae-8c27-d441b9b3a4a5,HighConflict,-1,proved,disproved,disproved,1,1.0,4,0.0,0,1.0
3a3fe53c6b2f41e15f0a26633258a3fb,c92c8824-c45c-4a09-89d2-b5d6a8f0f3d1,HighConflict,1,proved,disproved,disproved,2,1.0,3,1.0,3,0.0
3ace07a009ef259c33ef3dacd82a2fcb,24d33692-82b8-4c59-a6d6-83a9d5378c6a,LowConflict,2,proved,proved,disproved,1,1.0,6,1.0,4,0.0
3ace07a009ef259c33ef3dacd82a2fcb,b3705815-0e6f-48b1-b2ac-193d8707e586,LowConflict,1,proved,proved,disproved,2,0.8,5,0.8333333333333334,6,0.033333333333333326
3ace07a009ef259c33ef3dacd82a2fcb,b801199c-e732-42c3-a776-5e6328c88d29,LowConflict,-1,proved,proved,unknown,2,0.8,5,1.0,5,0.19999999999999996
3dd1f72c43a39b2ec44a99d577b8b3a5,56367be3-f73e-429d-b4f2-91a09ac9e9cf,HighConflict,-1,disproved,disproved,unknown,1,1.0,3,1.0,4,0.0
3dd1f72c43a39b2ec44a99d577b8b3a5,abd4467d-19a6-4778-a3e7-23a7ef43f89c,HighConflict,2,disproved,disproved,unknown,1,1.0,2,1.0,4,0.0
3dd1f72c43a39b2ec44a99d577b8b3a5,f89ab59e-9f88-4f1b-a01f-b9e75cbafa79,HighConflict,1,disproved,disproved,unknown,2,1.0,3,1.0,3,0.0
42ef1098a2f7ac0da265a885a6828384,58d473f0-666f-46e2-9c8e-c67b7261f022,LowConflict,1,proved,proved,disproved,2,1.0,3,1.0,4,0.0
42ef1098a2f7ac0da265a885a6828384,ae8b894a-7e96-4ce2-99ea-c1edd0aaf2f7,LowConflict,2,proved,proved,proved,2,1.0,3,1.0,3,0.0
42ef1098a2f7ac0da265a885a6828384,c6ba0eeb-a916-4576-b4a2-45b51cb5c340,LowConflict,-1,proved,proved,disproved,1,1.0,8,0.0,0,1.0
4c2e02b20182299882cdc28b2cf23e8d,3f96976c-0293-46cc-93a5-c725b0812d22,LowConflict,2,disproved,unknown,disproved,2,1.0,11,1.0,12,0.0
4c2e02b20182299882cdc28b2cf23e8d,926bf04d-0c5a-4cd0-b0ca-cca5f26f993f,LowConflict,1,disproved,unknown,unknown,2,1.0,12,1.0,9,0.0
4c2e02b20182299882cdc28b2cf23e8d,bca87a57-a9b4-473c-95cd-5d930841d268,LowConflict,-1,disproved,unknown,proved,2,1.0,10,1.0,14,0.0
51f04d6ac1cea47bf917fcea1d8cf3fd,3b121108-b898-4b92-8d1b-406ae2afdb3d,LowConflict,-1,unknown,unknown,disproved,2,1.0,9,1.0,7,0.0
51f04d6ac1cea47bf917fcea1d8cf3fd,5a4aa7ac-55dc-4c3f-a562-2149337ab129,LowConflict,1,unknown,unknown,unknown,1,1.0,8,1.0,8,0.0
51f04d6ac1cea47bf917fcea1d8cf3fd,9640cdfd-1de6-434e-8b47-ef67dbffd8b8,LowConflict,2,unknown,unknown,unknown,2,1.0,11,1.0,6,0.0
524987bd2b554b2f909ba71339258d7b,93fe9452-f8b9-46e5-a53b-a19d90857604,LowConflict,2,proved,proved,proved,2,0.875,8,1.0,9,0.125
524987bd2b554b2f909ba71339258d7b,9885671d-3d14-4191-a359-3e3d245026f3,LowConflict,-1,proved,proved,unknown,2,0.8571428571428571,7,0.875,8,0.017857142857142905
524987bd2b554b2f909ba71339258d7b,f866f1d8-ce0b-4640-8f36-9c46d2cd5747,LowConflict,1,proved,proved,proved,1,0.9230769230769231,13,1.0,11,-0.07692307692307687
54b86326729f3697f5e9e4e2956aa867,15fc6d9c-bba7-4b3e-a9db-fc63bcbb512c,HighConflict,1,disproved,disproved,unknown,2,0.7857142857142857,14,1.0,10,0.2142857142857143
54b86326729f3697f5e9e4e2956aa867,6348a1a7-e3e6-429b-bf2e-caa4953d3759,HighConflict,2,disproved,disproved,disproved,2,1.0,11,1.0,13,0.0
54b86326729f3697f5e9e4e2956aa867,9d2be04c-c61b-41fd-8011-1e55adbf1d7f,HighConflict,-1,disproved,disproved,unknown,1,0.9166666666666666,12,0.9,10,0.016666666666666607
557eb69062c656b29e4302ae460adcc4,0b29efe0-2703-46b1-97fe-2f4173a73378,HighConflict,1,proved,unknown,disproved,2,0.9375,16,0.9166666666666666,12,-0.02083333333333337
557eb69062c656b29e4302ae460adcc4,7cd9d6ac-18f5-4f41-a382-3f5d2a5ae684,HighConflict,2,proved,unknown,proved,2,1.0,11,1.0,14,0.0
557eb69062c656b29e4302ae460adcc4,8b3b3b9a-bdb7-4cf7-a66f-c3593ef1a848,HighConflict,-1,proved,unknown,unknown,2,1.0,13,1.0,9,0.0
5888ebc435abb75e5a1a76185a851409,855db46b-7f0e-4d40-8810-2022dbc4b813,HighConflict,-1,disproved,disproved,unknown,1,0.8333333333333334,12,1.0,7,-0.16666666666666663
5888ebc435abb75e5a1a76185a851409,860be6d5-de0a-438a-9c43-f8ae5e65c3fc,HighConflict,1,disproved,disproved,unknown,2,1.0,10,1.0,7,0.0
5888ebc435abb75e5a1a76185a851409,f044d4d5-0043-49af-8f96-9175d2585b35,HighConflict,2,disproved,disproved,disproved,2,1.0,11,1.0,16,0.0
59e443c34ea0954d24024498704e64e6,0e22d371-cb3e-4277-97a5-a41db7aadde9,LowConflict,-1,proved,unknown,unknown,2,0.75,8,1.0,5,0.25
59e443c34ea0954d24024498704e64e6,23cfafb6-9f34-4bf4-81bd-1974d4380aec,LowConflict,1,proved,unknown,proved,1,1.0,10,1.0,7,0.0
59e443c34ea0954d24024498704e64e6,bd21ebee-73fc-468d-bbe6-4e9974e521f5,LowConflict,2,proved,unknown,proved,2,0.9,10,0.9285714285714286,14,0.02857142857142858
5a403b90860db9e409dcf80db7d2d3f2,0a25f89d-48e6-4fd0-bf3d-8c6c78a08fef,LowConflict,-1,proved,proved,unknown,2,0.7777777777777778,9,0.8333333333333334,6,0.05555555555555558
5a403b90860db9e409dcf80db7d2d3f2,425b827a-1451-449e-86e4-2a7e1b1a4609,LowConflict,2,proved,proved,proved,2,1.0,10,1.0,12,0.0
5a403b90860db9e409dcf80db7d2d3f2,60577206-f33b-48eb-91e9-f3a6b6940528,LowConflict,1,proved,proved,disproved,2,1.0,12,0.9090909090909091,11,-0.09090909090909094
5bb89a91ea2415fd70dd282603780b5d,8dcc1020-6730-44b8-941c-1eaa39e71595,LowConflict,1,disproved,proved,unknown,2,1.0,12,1.0,11,0.0
5bb89a91ea2415fd70dd282603780b5d,c59ce9c3-9c45-467b-98fc-557227ef587f,LowConflict,2,disproved,proved,unknown,1,0.8571428571428571,7,1.0,12,-0.1428571428571429
5bb89a91ea2415fd70dd282603780b5d,c990e901-6d16-4f67-99b1-e3895a07f995,LowConflict,-1,disproved,proved,proved,2,1.0,5,1.0,10,0.0
5e7a9de65c717a1ff45aba3b20c10e1f,1fd5cd6c-28a3-46b2-8076-4ad91366a76e,HighConflict,2,proved,proved,proved,2,0.9090909090909091,11,1.0,9,0.09090909090909094
5e7a9de65c717a1ff45aba3b20c10e1f,627bb100-a786-4245-badf-156d0a8bb4a1,HighConflict,1,proved,proved,proved,1,1.0,8,0.9090909090909091,11,0.09090909090909094
5e7a9de65c717a1ff45aba3b20c10e1f,86772398-d836-4ce0-8dfc-16fab0751dca,HighConflict,-1,proved,proved,unknown,2,0.8888888888888888,9,0.8333333333333334,6,-0.05555555555555547
651173047e352aa9189b15bdb952cdb3,8323da28-b4e3-4bea-9573-9a0b0565ec4a,HighConflict,1,unknown,unknown,unknown,1,1.0,6,1.0,12,0.0
651173047e352aa9189b15bdb952cdb3,85870174-c79c-4674-8082-3e9cef2249fd,HighConflict,-1,unknown,unknown,disproved,2,1.0,11,1.0,8,0.0
651173047e352aa9189b15bdb952cdb3,e5a45971-2595-435b-ba31-44317afead68,HighConflict,2,unknown,unknown,unknown,2,1.0,9,1.0,7,0.0
687f8d3b2086d2d568beb9be6b345b2b,5cf7e231-e261-415f-afe5-895f352600ae,HighConflict,1,proved,proved,disproved,2,0.7777777777777778,9,1.0,8,0.2222222222222222
687f8d3b2086d2d568beb9be6b345b2b,a0f8f77b-aa00-4e6a-b9f3-1285e5218aee,HighConflict,-1,proved,proved,unknown,2,1.0,7,1.0,7,0.0
687f8d3b2086d2d568beb9be6b345b2b,f1a32feb-6ee7-4e5c-b66d-a101409d6b04,HighConflict,2,proved,proved,proved,2,1.0,7,0.9230769230769231,13,-0.07692307692307687
68fb90f6350de4b804c1c1dad37fe85e,8255ad01-d852-4fc4-9b95-eeef0c3d8a38,HighConflict,2,unknown,unknown,unknown,2,0.875,8,1.0,7,0.125
68fb90f6350de4b804c1c1dad37fe85e,b7a709e1-c727-49cf-a389-64e22cc1d05a,HighConflict,-1,unknown,unknown,disproved,2,1.0,7,1.0,10,0.0
68fb90f6350de4b804c1c1dad37fe85e,ecaf5d70-c0d0-484b-b095-2811316ad38d,HighConflict,1,unknown,unknown,unknown,1,1.0,12,1.0,6,0.0
69334cff5980b1a1967b9b4fdd0a9e99,19adc115-d3e3-4c25-a5df-0a5f4870cc6a,LowConflict,1,unknown,disproved,unknown,1,1.0,9,1.0,8,0.0
69334cff5980b1a1967b9b4fdd0a9e99,430e82c5-840b-457d-a477-1454d2e48f30,LowConflict,-1,unknown,disproved,disproved,2,1.0,8,1.0,12,0.0
69334cff5980b1a1967b9b4fdd0a9e99,7576835a-46a8-4ffb-8a56-abd94cf7d759,LowConflict,2,unknown,disproved,proved,1,1.0,9,1.0,8,0.0
69edc842d0f0efbbe7e5a4b2ba94063b,377efa8f-4889-40ee-ab1b-cfb04ed186d6,HighConflict,-1,proved,unknown,unknown,2,0.8333333333333334,12,1.0,8,0.16666666666666663
69edc842d0f0efbbe7e5a4b2ba94063b,3fd216cf-6f48-456e-bd91-f181a246e228,HighConflict,1,proved,unknown,proved,1,1.0,13,0.8571428571428571,14,0.1428571428571429
69edc842d0f0efbbe7e5a4b2ba94063b,f6af2dc2-40eb-41e1-ba16-e9554a30952e,HighConflict,2,proved,unknown,proved,2,0.9090909090909091,11,1.0,12,0.09090909090909094
6a8105748f60dc67ab01163474955e80,516f3325-8ad4-47d8-abf7-a16f12bbe343,HighConflict,2,disproved,disproved,disproved,2,1.0,10,1.0,12,0.0
6a8105748f60dc67ab01163474955e80,ce7970e8-adbf-416d-a7be-f70e88a3bfbe,HighConflict,1,disproved,disproved,disproved,1,1.0,12,1.0,9,0.0
6a8105748f60dc67ab01163474955e80,fea69b3c-3924-4361-ba03-0e31d6729a8d,HighConflict,-1,disproved,disproved,proved,2,1.0,8,1.0,10,0.0
6c1955452749a7d941ef459da384be8f,1bf3e087-02c5-4258-8466-f8420742ef34,LowConflict,-1,unknown,unknown,disproved,2,1.0,7,1.0,9,0.0
6c1955452749a7d941ef459da384be8f,b51b0264-1f9b-4114-a543-4d648b0a0628,LowConflict,1,unknown,unknown,unknown,1,1.0,8,1.0,9,0.0
6c1955452749a7d941ef459da384be8f,ec475580-65bd-4955-bffb-d8efa9234c29,LowConflict,2,unknown,unknown,unknown,2,1.0,9,1.0,9,0.0
6c97b07c40d11d6b05fc6acd636d42c4,208ccff0-5564-49b0-93ab-d0e90fb61ef9,LowConflict,2,disproved,unknown,unknown,1,1.0,12,0.8181818181818182,11,0.18181818181818177
6c97b07c40d11d6b05fc6acd636d42c4,2429821d-f296-40b7-bed9-09498b453826,LowConflict,-1,disproved,unknown,unknown,1,1.0,8,1.0,9,0.0
6c97b07c40d11d6b05fc6acd636d42c4,6c7b37a3-10fc-4f1c-9af0-5657e45f72ce,LowConflict,1,disproved,unknown,unknown,2,1.0,10,1.0,11,0.0
6cfda29cce95e99b8557b02a7329a2d7,0d93ac42-ca5b-4a47-87e7-80c84d0a9811,LowConflict,2,disproved,unknown,unknown,1,1.0,7,1.0,9,0.0
6cfda29cce95e99b8557b02a7329a2d7,46105477-bbed-4391-bd41-ce705864a107,LowConflict,-1,disproved,unknown,proved,2,1.0,8,1.0,9,0.0
6cfda29cce95e99b8557b02a7329a2d7,b2b056d8-81f7-4a85-81e4-553d94b65351,LowConflict,1,disproved,unknown,unknown,2,1.0,10,1.0,7,0.0
71c69eed5e210a07e9ae4427ead560e5,1e2eca37-fcb9-4d76-8562-1cf07c282139,LowConflict,1,proved,proved,proved,1,1.0,10,1.0,8,0.0
71c69eed5e210a07e9ae4427ead560e5,79accd1b-14dd-4ac1-b079-981647e0b510,LowConflict,-1,proved,proved,unknown,2,0.875,8,1.0,11,0.125
71c69eed5e210a07e9ae4427ead560e5,8ed83476-566c-4a23-92c0-b52a210dbe8a,LowConflict,2,proved,proved,proved,2,1.0,9,1.0,9,0.0
72a6daa85f08ba84bf55601f329b6808,6264f06a-1cbd-47b1-8c0a-c7756438ccec,LowConflict,2,proved,proved,proved,2,1.0,6,1.0,6,0.0
72a6daa85f08ba84bf55601f329b6808,90e3d45a-b92b-485b-855e-c0fbd3426b15,LowConflict,1,proved,proved,disproved,2,1.0,14,1.0,8,0.0
72a6daa85f08ba84bf55601f329b6808,b298e8a8-97a8-4887-9dd1-51d13b99baac,LowConflict,-1,proved,proved,unknown,2,0.9,10,1.0,9,0.09999999999999998
7762c76170c9d8866f03e3fc08d94b2e,2fd07c9a-45ad-451f-80bf-477ce074910c,HighConflict,2,proved,unknown,disproved,1,1.0,6,1.0,11,0.0
7762c76170c9d8866f03e3fc08d94b2e,7ca63fc2-649e-415e-a60c-5f7c697fa6e5,HighConflict,-1,proved,unknown,unknown,2,1.0,7,1.0,11,0.0
7762c76170c9d8866f03e3fc08d94b2e,f2f9c9c3-1934-4928-a2ef-f78eb6c28009,HighConflict,1,proved,unknown,disproved,2,1.0,9,1.0,6,0.0
78771f21f888ff8325a1fa4d20a11898,1ef06c5d-f864-4899-a924-2b630b3e1bb5,LowConflict,1,disproved,disproved,unknown,2,1.0,8,1.0,6,0.0
78771f21f888ff8325a1fa4d20a11898,f0f8a801-c0d1-4d3f-828e-1d25e28f3b6b,LowConflict,-1,disproved,disproved,unknown,1,1.0,6,1.0,10,0.0
78771f21f888ff8325a1fa4d20a11898,fd93dda1-eaa3-4a93-b5cf-f43e4f47a5d3,LowConflict,2,disproved,disproved,disproved,2,1.0,7,1.0,9,0.0
7b1eaaa73d68287a5b2b2216b8b6fd6f,1a7e7a33-8975-4d1f-b0aa-a8b17ced0809,HighConflict,1,proved,proved,disproved,2,1.0,12,1.0,10,0.0
7b1eaaa73d68287a5b2b2216b8b6fd6f,60d5c406-53db-4e4d-b4d5-bbe10a983410,HighConflict,2,proved,proved,proved,2,1.0,8,1.0,14,0.0
7b1eaaa73d68287a5b2b2216b8b6fd6f,943c0086-9dd3-4197-bf4c-1641c4650609,HighConflict,-1,proved,proved,unknown,2,1.0,10,1.0,7,0.0
7ca0a3144173fa83e8cf10035fd4c1bb,57a2bee7-7cbd-4c60-a95a-b614d3222166,LowConflict,2,disproved,disproved,disproved,2,1.0,8,1.0,9,0.0
7ca0a3144173fa83e8cf10035fd4c1bb,697f7445-8158-4cb8-beae-b404bcc14d8b,LowConflict,-1,disproved,disproved,unknown,1,1.0,7,1.0,9,0.0
7ca0a3144173fa83e8cf10035fd4c1bb,8ac8d040-3b90-4d77-b143-fdfcd4fd5e05,LowConflict,1,disproved,disproved,disproved,1,1.0,10,1.0,6,0.0
7dd4de9db2892178fa5ba47472c1f7a7,006ccd7c-203b-4e76-8871-0102717a0083,LowConflict,1,proved,proved,disproved,2,1.0,9,1.0,6,0.0
7dd4de9db2892178fa5ba47472c1f7a7,81685814-71ef-432c-95f8-08a9cc3bec27,LowConflict,-1,proved,proved,disproved,1,1.0,7,1.0,9,0.0
7dd4de9db2892178fa5ba47472c1f7a7,9ef2b9b0-cbef-4997-b935-d233027901b5,LowConflict,2,proved,proved,disproved,1,1.0,7,1.0,9,0.0
7f1a67ba0aaed310db53a7e17329f6c2,4b67b32c-6069-4d7d-a537-d4b5303c2394,HighConflict,-1,disproved,disproved,proved,2,1.0,9,1.0,9,0.0
7f1a67ba0aaed310db53a7e17329f6c2,8e6513c9-b28f-4f9f-9ad1-9a8604942ddc,HighConflict,2,disproved,disproved,unknown,1,1.0,8,1.0,8,0.0
7f1a67ba0aaed310db53a7e17329f6c2,bc6aa211-a964-46d7-9ce8-e6f4d72851a2,HighConflict,1,disproved,disproved,unknown,2,1.0,7,1.0,4,0.0
7f4e9ce24b408ad011c06b621f2b1478,972add64-3989-4170-baac-b5ee61c7168a,LowConflict,-1,unknown,unknown,disproved,2,1.0,12,0.9411764705882353,17,-0.05882352941176472
7f4e9ce24b408ad011c06b621f2b1478,e3a41bc9-c35d-414f-b114-6c473b50da67,LowConflict,1,unknown,unknown,unknown,1,1.0,8,1.0,9,0.0
7f4e9ce24b408ad011c06b621f2b1478,ee67018e-e892-4ad1-b346-a62d1c1b0839,LowConflict,2,unknown,unknown,unknown,2,1.0,10,1.0,10,0.0
80d39118f6e091c98804836b74a7017f,337e4c59-9c60-4e81-9981-3431037b5a54,HighConflict,2,unknown,disproved,unknown,2,1.0,8,1.0,7,0.0
80d39118f6e091c98804836b74a7017f,94fb0926-8c49-4a30-bb86-502fb0dd8f78,HighConflict,-1,unknown,disproved,proved,1,1.0,11,1.0,11,0.0
80d39118f6e091c98804836b74a7017f,e2cf4c5d-edaa-48d7-b105-a74eab7b97a3,HighConflict,1,unknown,disproved,unknown,1,1.0,8,1.0,12,0.0
84a49059e4bab1241948ea82e36f7570,53588479-5309-445f-a1a6-7ef166d026e5,HighConflict,1,disproved,unknown,unknown,2,1.0,9,1.0,11,0.0
84a49059e4bab1241948ea82e36f7570,58598419-575f-4057-ba22-e9820ef97449,HighConflict,-1,disproved,unknown,proved,2,0.8888888888888888,9,0.8,15,-0.0888888888888888
84a49059e4bab1241948ea82e36f7570,facb6bc1-515e-4e93-8e7a-3ebaf0c79756,HighConflict,2,disproved,unknown,disproved,2,0.8571428571428571,7,1.0,10,0.1428571428571429
868248929d9028b28a3adb63271b484f,3afd3fd1-d72c-4e50-845a-9fb9a42a1c8b,HighConflict,2,disproved,disproved,unknown,1,1.0,8,1.0,11,0.0
868248929d9028b28a3adb63271b484f,53dd727b-dbf5-4ec1-87b8-3fc70880a68b,HighConflict,1,disproved,disproved,unknown,2,0.8571428571428571,14,0.9,10,0.04285714285714293
868248929d9028b28a3adb63271b484f,e1026e74-b0e7-4d48-9b14-419522635ab7,HighConflict,-1,disproved,disproved,proved,2,1.0,9,1.0,10,0.0
868fae73435a7b8d60b18bcd3dbb554b,2fb14c38-1c39-49bc-bf56-3cee1d21c97f,HighConflict,1,unknown,proved,proved,2,1.0,7,1.0,12,0.0
868fae73435a7b8d60b18bcd3dbb554b,35062b9a-1c3e-4003-bf87-062c713e1267,HighConflict,2,unknown,proved,unknown,2,1.0,10,1.0,6,0.0
868fae73435a7b8d60b18bcd3dbb554b,6d818858-8ecd-4275-bcff-a9a377962c77,HighConflict,-1,unknown,proved,disproved,2,0.9090909090909091,11,1.0,8,0.09090909090909094
86fd3db4726e12cba4cb398e0b7d18b7,2111c1e0-c88f-4715-8c13-bfd6873aa2ac,HighConflict,-1,disproved,proved,unknown,1,1.0,13,0.9090909090909091,11,0.09090909090909094
86fd3db4726e12cba4cb398e0b7d18b7,6f5ec6df-3b8b-4e54-b5ae-9214c4a74daa,HighConflict,1,disproved,proved,unknown,2,1.0,11,1.0,10,0.0
86fd3db4726e12cba4cb398e0b7d18b7,d178f9fe-7be9-4093-8cc6-54c754775c2f,HighConflict,2,disproved,proved,disproved,2,1.0,8,1.0,12,0.0
8eec006866fa99193f94453de6540673,c94a5761-84e2-46a6-99b2-4de475ad2445,LowConflict,-1,unknown,unknown,disproved,2,1.0,8,0.9,10,-0.09999999999999998
8eec006866fa99193f94453de6540673,e143de74-99de-4f38-a638-7ece034920c4,LowConflict,1,unknown,unknown,proved,2,1.0,7,1.0,8,0.0
8eec006866fa99193f94453de6540673,ee4126c6-de6e-459c-aaf2-7ace8505d826,LowConflict,2,unknown,unknown,unknown,2,1.0,8,1.0,7,0.0
90052351bd7b5ac482e9798bb1d5bcd6,30c5b1f2-9068-4b6d-ade8-0d473f95c4e5,LowConflict,-1,unknown,unknown,disproved,2,1.0,8,1.0,6,0.0
90052351bd7b5ac482e9798bb1d5bcd6,97efaf53-6174-436a-91a6-60a99c831c0b,LowConflict,2,unknown,unknown,unknown,2,0.8888888888888888,9,1.0,7,0.11111111111111116
90052351bd7b5ac482e9798bb1d5bcd6,a6e3e45d-e27e-4808-a518-f1c3cf7b2214,LowConflict,1,unknown,unknown,unknown,1,1.0,8,1.0,11,0.0
915eb90d8c288df52e74c292fb9bef96,47e1f46d-3a6f-4323-b94d-2156c6af91c0,HighConflict,-1,proved,unknown,unknown,2,1.0,13,1.0,10,0.0
915eb90d8c288df52e74c292fb9bef96,715ef911-14f6-4dab-843f-cb1e70a4f784,HighConflict,1,proved,unknown,disproved,2,0.9230769230769231,13,0.9230769230769231,13,0.0
915eb90d8c288df52e74c292fb9bef96,a408fba5-8caa-46c7-be0b-a3353ff19c46,HighConflict,2,proved,unknown,proved,2,0.9166666666666666,12,0.9375,16,0.02083333333333337
93b69fd0054fbb398f5f21617b25c2bc,3650149b-3140-45be-9af1-fad85b07a171,HighConflict,2,disproved,unknown,unknown,1,1.0,10,1.0,6,0.0
93b69fd0054fbb398f5f21617b25c2bc,445516bc-58d8-4b26-a952-5f104a508d44,HighConflict,-1,disproved,unknown,unknown,1,1.0,8,1.0,9,0.0
93b69fd0054fbb398f5f21617b25c2bc,fe8cd9b6-9e56-4fea-891e-50232a844555,HighConflict,1,disproved,unknown,unknown,2,1.0,7,1.0,9,0.0
94d68ccc1e990fdc9d88f85b51f93835,09f13241-cb59-4580-9020-d48aeaa7ce52,HighConflict,1,unknown,disproved,unknown,1,1.0,9,1.0,7,0.0
94d68ccc1e990fdc9d88f85b51f93835,1dfa3ad6-43f7-4515-be3b-fffe4fdc98d1,HighConflict,2,unknown,disproved,unknown,2,1.0,8,1.0,5,0.0
94d68ccc1e990fdc9d88f85b51f93835,514772b5-ad40-4926-afe4-cfc26a70575e,HighConflict,-1,unknown,disproved,proved,1,0.875,8,1.0,10,-0.125
9ba8f28e68cf0154a7a96b55fe46840b,536458bd-911d-4a4e-9117-df1720575def,HighConflict,-1,disproved,disproved,unknown,1,1.0,13,1.0,16,0.0
9ba8f28e68cf0154a7a96b55fe46840b,5b40e8fd-0a8c-4d23-86a9-e046118701fd,HighConflict,1,disproved,disproved,unknown,2,1.0,11,1.0,12,0.0
9ba8f28e68cf0154a7a96b55fe46840b,ae554ecc-eef2-42fb-8101-5eabce26a993,HighConflict,2,disproved,disproved,disproved,2,1.0,8,1.0,12,0.0
9fc684daab67f18d8942592e4dbfa0fe,2fbf77c3-53fa-4bb0-9dea-1fdee8785bb7,HighConflict,2,unknown,unknown,unknown,2,1.0,13,1.0,11,0.0
9fc684daab67f18d8942592e4dbfa0fe,a1d12189-f16a-4133-b98d-815364cad33e,HighConflict,1,unknown,unknown,proved,2,1.0,7,1.0,5,0.0
9fc684daab67f18d8942592e4dbfa0fe,e6a866ad-abe2-4573-b44c-a5053eff42aa,HighConflict,-1,unknown,unknown,disproved,2,1.0,8,0.9,10,-0.09999999999999998
a0bfb87225bc8b97730f23c978fbbc71,4c061684-e96e-4e18-97a0-21148261219a,HighConflict,2,unknown,unknown,unknown,2,1.0,7,0.8888888888888888,9,-0.11111111111111116
a0bfb87225bc8b97730f23c978fbbc71,4e07de6b-6e7c-4fa7-bc71-db6b34c917a1,HighConflict,-1,unknown,unknown,disproved,2,1.0,8,1.0,9,0.0
a0bfb87225bc8b97730f23c978fbbc71,b4c3ea97-9b30-4f01-8b9b-be6e8e2a2d7f,HighConflict,1,unknown,unknown,unknown,1,1.0,11,1.0,9,0.0
a10d2525a748352c863eb6753ea5073e,4589a0a8-98c1-4b99-9777-e24b89908928,LowConflict,1,unknown,unknown,unknown,1,1.0,8,0.9,10,0.09999999999999998
a10d2525a748352c863eb6753ea5073e,4a92dd57-892e-47c5-beba-1529c9e8187d,LowConflict,2,unknown,unknown,unknown,2,1.0,6,1.0,7,0.0
a10d2525a748352c863eb6753ea5073e,70cd4ab3-3630-4560-aef4-bda62b686068,LowConflict,-1,unknown,unknown,disproved,2,1.0,10,1.0,6,0.0
a3ccd8805ec2c5c272f7e84f8c9017a8,26f4efdd-4838-466c-afd3-ec9ee2835300,LowConflict,-1,unknown,disproved,disproved,2,0.8888888888888888,9,1.0,8,0.11111111111111116
a3ccd8805ec2c5c272f7e84f8c9017a8,390a2875-24d8-420b-962d-30f7ce8507f9,LowConflict,2,unknown,disproved,unknown,2,1.0,9,1.0,7,0.0
a3ccd8805ec2c5c272f7e84f8c9017a8,703d72d6-0597-4c1b-82f9-d15129a2e4f9,LowConflict,1,unknown,disproved,unknown,1,1.0,9,1.0,9,0.0
a63719fee0f2155f1acee3877e526cd7,1d10e6f8-fb3b-4cbb-b5e9-5d5d79eae764,LowConflict,2,unknown,unknown,unknown,2,1.0,5,1.0,4,0.0
a63719fee0f2155f1acee3877e526cd7,bf0e31db-d940-4219-8128-0fad80489e7c,LowConflict,-1,unknown,unknown,disproved,2,1.0,10,1.0,9,0.0
a63719fee0f2155f1acee3877e526cd7,c06a0387-7f0b-493a-b87a-aa1119aca392,LowConflict,1,unknown,unknown,unknown,1,1.0,7,1.0,7,0.0
a65a19a7de1ce4c040b877e516da049e,958b59db-49b7-4691-aafd-8dbe9df8b2ba,LowConflict,2,proved,proved,proved,2,1.0,9,1.0,9,0.0
a65a19a7de1ce4c040b877e516da049e,d9c66c15-76c1-493d-afd7-1aa0413623db,LowConflict,1,proved,proved,disproved,2,1.0,10,1.0,9,0.0
a65a19a7de1ce4c040b877e516da049e,fa24c5db-6889-47d5-8005-95659e1a124e,LowConflict,-1,proved,proved,disproved,1,1.0,9,1.0,8,0.0
abd8af4a27dca906236ca4c25eb99cf5,0bb312d4-5d45-430f-a14f-ffef092da319,LowConflict,2,disproved,disproved,disproved,2,1.0,5,0.8888888888888888,9,-0.11111111111111116
abd8af4a27dca906236ca4c25eb99cf5,21078586-c256-47c6-ae54-011de4f73e93,LowConflict,-1,disproved,disproved,proved,2,0.8571428571428571,7,0.5555555555555556,9,-0.3015873015873015
abd8af4a27dca906236ca4c25eb99cf5,f962677a-4a61-4fb7-9598-5cbba65d563c,LowConflict,1,disproved,disproved,unknown,2,1.0,11,1.0,5,0.0
ac252485b9867f4db31bc72ed3a01411,2d09bfd7-7de7-4e6e-9f11-11ea2479e461,HighConflict,1,proved,unknown,proved,1,1.0,11,0.8,10,0.19999999999999996
ac252485b9867f4db31bc72ed3a01411,3eba7653-b0cb-40d4-9372-23d2cc8fda11,HighConflict,-1,proved,unknown,unknown,2,0.9166666666666666,12,1.0,9,0.08333333333333337
ac252485b9867f4db31bc72ed3a01411,7743c057-7b22-4a54-a6d2-2ef9c68f11a8,HighConflict,2,proved,unknown,proved,2,0.9,10,1.0,9,0.09999999999999998
ac5bc06b9d62ca05882faa53ff4c2a2b,2a7697a0-a8ae-42ac-92bf-3b8b572f4b6d,HighConflict,2,proved,unknown,disproved,1,1.0,12,1.0,11,0.0
ac5bc06b9d62ca05882faa53ff4c2a2b,36ab7cb0-b5f2-4ac6-a24f-721cb1a42cb5,HighConflict,1,proved,unknown,disproved,2,1.0,8,1.0,10,0.0
ac5bc06b9d62ca05882faa53ff4c2a2b,fb595aff-8188-45a4-b1a2-824f95c1e5ae,HighConflict,-1,proved,unknown,unknown,2,1.0,11,1.0,6,0.0
ad22ba1674c1c70c37240fff886e880d,3e78b6df-ad88-4bc0-b0cc-8cd2df00cc23,HighConflict,-1,proved,unknown,unknown,2,1.0,9,0.9166666666666666,12,-0.08333333333333337
ad22ba1674c1c70c37240fff886e880d,7c1cb882-8ed7-435e-aecd-0beab32312ec,HighConflict,1,proved,unknown,disproved,2,1.0,13,1.0,9,0.0
ad22ba1674c1c70c37240fff886e880d,cb003add-c58a-47e2-97b4-2c6b8e4a8513,HighConflict,2,proved,unknown,proved,2,1.0,16,1.0,16,0.0
af507adf423e4f6687fcc0eae30df19f,26d626ab-ed2a-43cf-bba3-5f7c3bf6974c,LowConflict,2,disproved,disproved,disproved,2,1.0,11,1.0,14,0.0
af507adf423e4f6687fcc0eae30df19f,6761dbd9-3d90-48f5-b5b3-18da5be9523b,LowConflict,-1,disproved,disproved,proved,2,1.0,4,1.0,8,0.0
af507adf423e4f6687fcc0eae30df19f,bcd18ce9-2f62-4c0c-b731-4b1515496345,LowConflict,1,disproved,disproved,disproved,1,1.0,7,1.0,4,0.0
afc1363ea77602dc649cf358adac9a59,582e145f-6366-4d31-a016-ea406b08cce6,LowConflict,2,proved,proved,proved,2,1.0,8,1.0,9,0.0
afc1363ea77602dc649cf358adac9a59,7fd62772-ee89-4302-ad48-fa15ce2e0e07,LowConflict,-1,proved,proved,unknown,2,1.0,10,1.0,7,0.0
afc1363ea77602dc649cf358adac9a59,e67b1e97-7756-43ef-a209-7445ab633bbb,LowConflict,1,proved,proved,disproved,2,1.0,9,1.0,8,0.0
bba98c2873d3bdf301e028f9df86eda9,aeea9d10-033b-48a4-aad1-511d208ac8f2,HighConflict,1,unknown,unknown,unknown,1,1.0,12,1.0,14,0.0
bba98c2873d3bdf301e028f9df86eda9,d36e0e3d-39bd-45cf-8745-0b718c8d8cee,HighConflict,2,unknown,unknown,unknown,2,1.0,15,1.0,12,0.0
bba98c2873d3bdf301e028f9df86eda9,e9fa8a63-8355-4e7a-9f52-bdd984d6dcf4,HighConflict,-1,unknown,unknown,disproved,2,1.0,13,0.8888888888888888,9,-0.11111111111111116
bbefdeb0c4de615da9b165d2c160a818,36dd94af-e359-4e5c-945e-4a521353ddd9,HighConflict,1,proved,proved,proved,1,0.9090909090909091,11,0.7777777777777778,9,0.13131313131313127
bbefdeb0c4de615da9b165d2c160a818,9f03a0fb-72cd-424d-8dca-517a572d2c95,HighConflict,-1,proved,proved,unknown,2,0.8333333333333334,12,1.0,8,0.16666666666666663
bbefdeb0c4de615da9b165d2c160a818,dac04a70-7c73-4dca-b9fc-8dbdf5430d29,HighConflict,2,proved,proved,disproved,1,0.8888888888888888,9,0.9285714285714286,14,-0.039682539682539764
bc56056b595b4d7381cb133fbcb0ce9b,1e811f37-6a0c-4cdf-9d1f-2a733860a267,LowConflict,1,disproved,unknown,unknown,2,1.0,10,1.0,10,0.0
bc56056b595b4d7381cb133fbcb0ce9b,46b7ee59-d2f1-414d-8780-77467944daa3,LowConflict,-1,disproved,unknown,unknown,1,1.0,5,1.0,6,0.0
bc56056b595b4d7381cb133fbcb0ce9b,c949ba2e-4402-4bd8-9999-d3b800e07601,LowConflict,2,disproved,unknown,disproved,2,1.0,10,1.0,12,0.0
bccc6fc66c08f1d61545c53acb8a20a7,05fae4fc-d102-4e61-9b55-1d79c9d97dbd,HighConflict,2,proved,proved,disproved,1,0.9,10,0.8333333333333334,12,0.06666666666666665
bccc6fc66c08f1d61545c53acb8a20a7,108a7303-4dfa-4225-b02f-c0ecc5241395,HighConflict,1,proved,proved,disproved,2,0.9090909090909091,11,1.0,12,0.09090909090909094
bccc6fc66c08f1d61545c53acb8a20a7,5237fd26-b31a-4c8d-abe2-b18061200266,HighConflict,-1,proved,proved,unknown,2,0.8,10,0.8888888888888888,9,0.0888888888888888
c0a219ff710e288d89b770c95e13612b,1c924941-18a1-416e-a5d6-fa1bdac27a01,LowConflict,2,proved,proved,proved,2,1.0,9,1.0,9,0.0
c0a219ff710e288d89b770c95e13612b,b7953ce0-f550-49e4-99fd-4b8a2082fe9f,LowConflict,-1,proved,proved,unknown,2,1.0,7,1.0,7,0.0
c0a219ff710e288d89b770c95e13612b,ea87df90-600c-4e70-abac-c3ca344d6b49,LowConflict,1,proved,proved,disproved,2,0.8571428571428571,7,1.0,7,0.1428571428571429
c247d28bdedf9d10a7fdb548601c5c3f,02d925c6-9bb9-4d16-863a-2b4673dcda5a,LowConflict,2,proved,proved,proved,2,1.0,7,1.0,7,0.0
c247d28bdedf9d10a7fdb548601c5c3f,0ea516c6-b788-4879-8ade-fd170ed289f8,LowConflict,1,proved,proved,disproved,2,1.0,6,0.8888888888888888,9,-0.11111111111111116
c247d28bdedf9d10a7fdb548601c5c3f,2fb73e77-ccc0-4a0e-92c0-594540918a56,LowConflict,-1,proved,proved,unknown,2,1.0,8,1.0,7,0.0
c4a98ac0e14a12d2a5e9b2dc665690fc,4716fd2e-f3ba-464a-9fad-e07721586cfb,HighConflict,1,unknown,unknown,unknown,1,0.8333333333333334,6,1.0,10,-0.16666666666666663
c4a98ac0e14a12d2a5e9b2dc665690fc,73cd0872-c435-4086-8856-b94071e353c9,HighConflict,2,unknown,unknown,unknown,2,1.0,10,1.0,8,0.0
c4a98ac0e14a12d2a5e9b2dc665690fc,c76a4144-d7b0-4a4f-b1b7-e494740c4807,HighConflict,-1,unknown,unknown,disproved,2,0.8,10,0.875,8,0.07499999999999996
c5608d220836d96e64609d843f61f30c,9483fe13-58fc-4cd4-b10f-f38d64cd8956,HighConflict,-1,unknown,unknown,disproved,2,1.0,12,1.0,12,0.0
c5608d220836d96e64609d843f61f30c,e0d08904-112a-4bdc-beca-eca546cd9f8a,HighConflict,1,unknown,unknown,unknown,1,1.0,9,1.0,8,0.0
c5608d220836d96e64609d843f61f30c,fad8deb0-4a60-4c86-8538-837171194fe8,HighConflict,2,unknown,unknown,unknown,2,1.0,9,1.0,10,0.0
c95517e7411df76a6c97a5c5307f4f23,2701b495-e51e-4556-8f3c-f7d732e6e71c,LowConflict,-1,disproved,disproved,proved,2,1.0,6,1.0,9,0.0
c95517e7411df76a6c97a5c5307f4f23,dab2cb5c-41cc-4a10-9c01-8e1e3cfc3590,LowConflict,2,disproved,disproved,disproved,2,0.5,6,0.7142857142857143,7,0.2142857142857143
c95517e7411df76a6c97a5c5307f4f23,f71f480f-c178-4e0e-8e5a-4c3d26c52307,LowConflict,1,disproved,disproved,unknown,2,0.75,8,0.7777777777777778,9,0.02777777777777779
ca5c9b0cf7e35564f00ad8a1db3dfac6,19ab2125-5aae-442b-801c-5d23b856fce4,HighConflict,2,unknown,unknown,unknown,2,1.0,10,1.0,8,0.0
ca5c9b0cf7e35564f00ad8a1db3dfac6,56ce471d-21f9-4652-9a78-d57a33730d16,HighConflict,1,unknown,unknown,unknown,1,1.0,7,1.0,8,0.0
ca5c9b0cf7e35564f00ad8a1db3dfac6,b05eb4d7-7f30-48f1-b332-e2a20821e62a,HighConflict,-1,unknown,unknown,disproved,2,1.0,7,1.0,9,0.0
cc30a2570cb8a12ccc629c3c3f94a6c3,2af33088-7d04-4f7b-8842-65c448d740d0,HighConflict,1,proved,proved,proved,1,1.0,14,0.875,8,0.125
cc30a2570cb8a12ccc629c3c3f94a6c3,d060687b-1096-41d7-a4cf-9bfed4c7fbce,HighConflict,-1,proved,proved,unknown,2,0.9230769230769231,13,1.0,7,0.07692307692307687
cc30a2570cb8a12ccc629c3c3f94a6c3,d919744f-4ac1-4818-a087-4b561794fdd8,HighConflict,2,proved,proved,proved,2,1.0,9,1.0,15,0.0
ccb0b3bd3de02d4db5f619d8eccf3649,62656c2e-5398-44b4-95f5-042eca71119b,LowConflict,2,unknown,unknown,unknown,2,1.0,8,1.0,9,0.0
ccb0b3bd3de02d4db5f619d8eccf3649,b68fb0bc-a034-4aa1-98ea-69633b11ed34,LowConflict,-1,unknown,unknown,disproved,2,1.0,5,1.0,8,0.0
ccb0b3bd3de02d4db5f619d8eccf3649,b7cc9466-282d-48a8-bac7-38ecabc0c53e,LowConflict,1,unknown,unknown,unknown,1,1.0,6,1.0,8,0.0
d32aeca05cc4b93ed9e8f1812b1156b6,7bafdb07-6f94-4f90-aa01-0437c344f15f,HighConflict,2,disproved,disproved,disproved,2,1.0,7,0.8571428571428571,7,-0.1428571428571429
d32aeca05cc4b93ed9e8f1812b1156b6,84d365af-8978-4af7-abc5-7ba9b8893f56,HighConflict,1,disproved,disproved,unknown,2,0.8888888888888888,9,1.0,7,0.11111111111111116
d32aeca05cc4b93ed9e8f1812b1156b6,d6944d95-a94d-4c69-aa29-31b76fb548af,HighConflict,-1,disproved,disproved,unknown,1,0.9,10,0.8333333333333334,12,0.06666666666666665
d49c88a215021df70dafb455b0d8a49b,3fb6cda0-658b-479c-81ff-858a33fc0c5d,HighConflict,-1,disproved,disproved,unknown,1,1.0,10,1.0,13,0.0
d49c88a215021df70dafb455b0d8a49b,7959fad2-5afe-4cc5-b503-a7515e8b8cf2,HighConflict,1,disproved,disproved,unknown,2,1.0,6,0.8571428571428571,7,-0.1428571428571429
d49c88a215021df70dafb455b0d8a49b,9c171768-b5d5-4fa1-96b8-eb79c5cd6ec2,HighConflict,2,disproved,disproved,disproved,2,1.0,9,1.0,12,0.0
d4b3bfc7adef744599f9c1a2fb276453,4e045463-e4c7-4062-b739-039586ecde55,HighConflict,1,disproved,unknown,unknown,2,1.0,11,1.0,7,0.0
d4b3bfc7adef744599f9c1a2fb276453,96cacce9-d24a-4457-a912-a0503b73ab54,HighConflict,2,disproved,unknown,disproved,2,1.0,7,1.0,8,0.0
d4b3bfc7adef744599f9c1a2fb276453,d160c983-d58a-4df7-b6be-39b8b33dc1cd,HighConflict,-1,disproved,unknown,unknown,1,1.0,4,1.0,4,0.0
d6682cea7cfa34c45622bc6ff81810b7,46d6ab33-db74-42be-a821-35ec7b471368,HighConflict,2,unknown,unknown,unknown,2,1.0,9,1.0,6,0.0
d6682cea7cfa34c45622bc6ff81810b7,78588c88-a493-47c6-b91b-440895b9ea54,HighConflict,1,unknown,unknown,unknown,1,1.0,5,1.0,9,0.0
d6682cea7cfa34c45622bc6ff81810b7,fcb07477-cf85-4fd8-9892-20a40f811e25,HighConflict,-1,unknown,unknown,disproved,2,1.0,9,1.0,5,0.0
d859cf431a257c1791071e4715c894d1,36fb38f3-cac7-4944-8599-7ab4db9777da,HighConflict,-1,disproved,disproved,unknown,1,1.0,11,1.0,14,0.0
d859cf431a257c1791071e4715c894d1,8f6dab16-4660-4bcb-a219-b23fabd42ede,HighConflict,2,disproved,disproved,unknown,1,0.7142857142857143,7,0.8,10,-0.08571428571428574
d859cf431a257c1791071e4715c894d1,fc450d95-29db-4da0-997f-1481bfa34d65,HighConflict,1,disproved,disproved,unknown,2,0.9166666666666666,12,0.8888888888888888,9,-0.02777777777777779
d9758623a5a0276d346c22b6941ecfd7,3f3be1fe-13b6-44b2-905c-71080d41d8e6,HighConflict,1,disproved,disproved,unknown,2,0.8,10,0.8,5,0.0
d9758623a5a0276d346c22b6941ecfd7,6ede6a23-6886-47fa-9b07-cbb1376a6d47,HighConflict,-1,disproved,disproved,proved,2,0.8888888888888888,9,0.8,10,-0.0888888888888888
d9758623a5a0276d346c22b6941ecfd7,edc9e97e-e222-41fa-a0db-a1e3c58921e5,HighConflict,2,disproved,disproved,disproved,2,0.9166666666666666,12,0.9090909090909091,11,-0.007575757575757569
da389cc894015ed6374554c62b334646,935c415c-b47e-4047-bde3-a030302dc2f0,HighConflict,2,proved,unknown,disproved,1,1.0,6,1.0,7,0.0
da389cc894015ed6374554c62b334646,acba2671-9694-4fc5-9b8e-bc3226843659,HighConflict,-1,proved,unknown,unknown,2,1.0,9,1.0,4,0.0
da389cc894015ed6374554c62b334646,c715fbf6-d3c5-47aa-806b-4990143e4bbb,HighConflict,1,proved,unknown,disproved,2,1.0,11,1.0,9,0.0
da8c8bbe83ac50741708eac9961918ac,5434da65-2309-4bd7-b419-1d608fcb5854,LowConflict,1,unknown,disproved,unknown,1,1.0,6,1.0,4,0.0
da8c8bbe83ac50741708eac9961918ac,7d6e6ec2-2865-45d2-8389-6e5922971433,LowConflict,-1,unknown,disproved,disproved,2,1.0,12,1.0,11,0.0
da8c8bbe83ac50741708eac9961918ac,de2fc178-3dc0-403d-a59a-424d52eb9fc7,LowConflict,2,unknown,disproved,unknown,2,1.0,12,1.0,9,0.0
dcdfb70cf892882bdbf9ad530a6b913d,3b702f4f-6580-40ce-a922-1009e1700ff1,LowConflict,-1,disproved,disproved,unknown,1,1.0,8,1.0,9,0.0
dcdfb70cf892882bdbf9ad530a6b913d,6a01b180-e435-42ac-a99f-5fcf22bd697c,LowConflict,1,disproved,disproved,unknown,2,0.7777777777777778,9,0.875,8,0.09722222222222221
dcdfb70cf892882bdbf9ad530a6b913d,e8bce974-8339-4df6-8287-d0149d4e7d6c,LowConflict,2,disproved,disproved,disproved,2,1.0,9,1.0,10,0.0
df79187fc8ed13e1a6ad2c25aae44816,2354b263-e7f3-4b49-bc19-0200994e9de1,HighConflict,2,proved,unknown,proved,2,1.0,14,1.0,11,0.0
df79187fc8ed13e1a6ad2c25aae44816,71c1870b-5991-41c5-b547-93c4b3a45c18,HighConflict,1,proved,unknown,disproved,2,1.0,10,1.0,12,0.0
df79187fc8ed13e1a6ad2c25aae44816,b7fffec6-4dd1-4141-9c2a-e392bdee3c60,HighConflict,-1,proved,unknown,unknown,2,1.0,10,1.0,6,0.0
e29cad2cf40000a6a8bcaa1929c70d67,4a6f135f-8dc2-42ae-89f8-53cc7b0c3f26,LowConflict,-1,unknown,unknown,disproved,2,1.0,7,1.0,8,0.0
e29cad2cf40000a6a8bcaa1929c70d67,a27b00c6-a4fc-4728-b65b-3a7e53150c86,LowConflict,1,unknown,unknown,unknown,1,1.0,10,1.0,10,0.0
e29cad2cf40000a6a8bcaa1929c70d67,e0d98fed-a5b9-4d91-b4e0-27125aac0972,LowConflict,2,unknown,unknown,unknown,2,1.0,9,1.0,10,0.0
e4555b2283690cb02fbab0e86fc34de5,59f459b9-3f79-47aa-be2a-23789be51b7a,LowConflict,1,proved,proved,disproved,2,1.0,12,1.0,9,0.0
e4555b2283690cb02fbab0e86fc34de5,8f078310-6c7f-447b-9d2f-603e512b613a,LowConflict,-1,proved,proved,unknown,2,1.0,10,1.0,14,0.0
e4555b2283690cb02fbab0e86fc34de5,abeab284-4e17-47ab-a70f-140b28ad12f3,LowConflict,2,proved,proved,proved,2,1.0,11,1.0,15,0.0
e9233cdd962d02121ce91756c1fdc102,104e9ca8-203d-4b5e-a52c-38fc903dd419,LowConflict,1,unknown,unknown,unknown,1,1.0,7,1.0,12,0.0
e9233cdd962d02121ce91756c1fdc102,5e0a1aa7-86a3-4e89-ad5c-7541e092b1a1,LowConflict,-1,unknown,unknown,disproved,2,1.0,14,1.0,5,0.0
e9233cdd962d02121ce91756c1fdc102,8717d34b-0193-4599-99b5-0b5deb58d605,LowConflict,2,unknown,unknown,unknown,2,1.0,10,1.0,3,0.0
eced42550a1f6fa49707c6e533fe0d44,03117f11-d4cb-4948-a487-25adb9ef6ef1,LowConflict,1,unknown,unknown,unknown,1,1.0,8,1.0,13,0.0
eced42550a1f6fa49707c6e533fe0d44,085c348c-6e5a-481a-a667-2470586d77dc,LowConflict,-1,unknown,unknown,proved,1,1.0,10,0.9090909090909091,11,0.09090909090909094
eced42550a1f6fa49707c6e533fe0d44,d694e72d-7853-4ad0-b0b2-f5707adf8a53,LowConflict,2,unknown,unknown,unknown,2,1.0,10,1.0,8,0.0
ed2616f8993c5d6a9cab30af301f9846,3c5421e0-caf3-4bf2-88d3-340ac4e3d9af,LowConflict,1,disproved,disproved,unknown,2,0.8888888888888888,9,1.0,5,0.11111111111111116
ed2616f8993c5d6a9cab30af301f9846,4245733f-65ce-4c1d-9395-2295d7b96209,LowConflict,2,disproved,disproved,disproved,2,1.0,11,0.8888888888888888,9,-0.11111111111111116
ed2616f8993c5d6a9cab30af301f9846,f6fa1416-56e2-4472-abc4-35902e9ee90d,LowConflict,-1,disproved,disproved,proved,2,0.875,8,1.0,11,0.125
edfdb1b465582d51190f912cfb1809d7,1e10ac2c-d70e-4e78-8b8d-3a55fa3f1e4e,LowConflict,-1,unknown,unknown,disproved,2,0.9,10,1.0,8,0.09999999999999998
edfdb1b465582d51190f912cfb1809d7,64f96d5c-a696-4822-a8e7-be2f8ac1ac70,LowConflict,2,unknown,unknown,unknown,2,1.0,9,1.0,10,0.0
edfdb1b465582d51190f912cfb1809d7,dddb33ea-6e4c-4dcc-b624-ff91f67a8eb6,LowConflict,1,unknown,unknown,unknown,1,1.0,12,0.9230769230769231,13,0.07692307692307687
efbc8c9333df21d03bf09b586bcf6ddf,82194c50-85a8-49b5-9670-ba0d7000a64b,HighConflict,1,unknown,disproved,unknown,1,0.9,10,1.0,11,-0.09999999999999998
efbc8c9333df21d03bf09b586bcf6ddf,92f1b081-6e16-4076-a624-a0829c34c745,HighConflict,2,unknown,disproved,unknown,2,0.8181818181818182,11,1.0,4,0.18181818181818177
efbc8c9333df21d03bf09b586bcf6ddf,e045997e-8db5-46b0-a5d0-5c452d76e8f9,HighConflict,-1,unknown,disproved,disproved,2,0.8181818181818182,11,0.8333333333333334,12,0.015151515151515138
